episode_ordinal,phase_decile,left_row_id,right_row_id,left_value,right_value,delta,left_position,right_position
10,1,383,382,-0.0455820374190807,-0.1048912405967712,0.0593092031776905,0.15,0.125
10,1,384,381,-0.2335703670978546,-0.1465121358633041,-0.08705823123455048,0.175,0.1
10,5,400,399,-0.0484616532921791,-0.1985039561986923,0.1500423029065132,0.575,0.55
10,8,409,410,-0.0108517557382583,-0.0526190549135208,0.0417672991752625,0.8,0.825
11,1,421,420,-0.0899297073483467,-0.0746212154626846,-0.015308491885662093,0.15,0.125
11,1,422,419,-0.2013668268918991,-0.1755008101463318,-0.025866016745567322,0.175,0.1
11,3,427,430,-0.2493357956409454,-0.0201093554496765,-0.22922644019126892,0.3,0.375
11,5,438,437,-0.0253903716802597,-0.1011958420276641,0.0758054703474044,0.575,0.55
12,1,459,458,-0.0409870855510234,-0.0708539262413978,0.029866840690374402,0.15,0.125
12,1,460,457,-0.1778194159269333,-0.0764451324939727,-0.1013742834329606,0.175,0.1
12,8,485,486,-0.0165023766458034,-0.0361202284693717,0.0196178518235683,0.8,0.825
13,1,497,496,-0.0643537789583206,-0.0575542971491813,-0.006799481809139307,0.15,0.125
13,1,498,495,-0.1669015735387802,-0.1887895613908767,0.021887987852096474,0.175,0.1
13,5,514,513,-0.0287033542990684,-0.1291388422250747,0.10043548792600632,0.575,0.55
13,9,531,530,-0.0468673482537269,-0.117082729935646,0.0702153816819191,1.0,0.975
14,1,535,533,-0.0140225971117615,-0.1148326098918914,0.1008100127801299,0.15,0.1
14,3,541,544,-0.5684351325035095,-0.0053265616297721,-0.5631085708737374,0.3,0.375
14,5,552,551,-0.0454323850572109,-0.1576960831880569,0.112263698130846,0.575,0.55
14,8,561,562,0.008072973228991,-0.0025763511657714,0.0106493243947624,0.8,0.825
15,1,573,572,-0.0083408430218696,-0.1569074988365173,0.1485666558146477,0.15,0.125
15,1,574,571,-0.1338366717100143,-0.1165439337491989,-0.017292737960815388,0.175,0.1
15,5,590,589,-0.1056087464094162,-0.1270794123411178,0.021470665931701605,0.575,0.55
16,1,611,610,-0.0598891451954841,-0.1087809428572654,0.048891797661781304,0.15,0.125
16,1,612,609,-0.2452040761709213,-0.1389461457729339,-0.1062579303979874,0.175,0.1
16,5,628,627,-0.0426519848406314,-0.0756035149097442,0.03295153006911279,0.575,0.55
16,8,637,638,-0.0164793767035007,-0.1114670783281326,0.09498770162463191,0.8,0.825
16,9,645,644,-0.0603696890175342,-0.1389950215816497,0.0786253325641155,1.0,0.975
17,1,649,648,-0.0383254662156105,-0.0876316055655479,0.049306139349937404,0.15,0.125
17,1,650,647,-0.2046539932489395,-0.1419135630130767,-0.06274043023586279,0.175,0.1
17,5,666,665,-0.1068615689873695,-0.0525523796677589,-0.054309189319610596,0.575,0.55
17,8,675,676,-0.015106962993741,-0.0736065357923507,0.0584995727986097,0.8,0.825
18,1,687,686,-0.0622648037970066,-0.115001305937767,0.0527365021407604,0.15,0.125
18,1,688,685,-0.2448877990245819,-0.1265418827533722,-0.11834591627120972,0.175,0.1
18,5,704,703,-0.0047735916450619,-0.0403672717511653,0.0355936801061034,0.575,0.55
18,8,713,714,-0.0038720536977052,-0.0653189271688461,0.0614468734711409,0.8,0.825
19,1,725,724,-0.0303226020187139,-0.0333159416913986,0.0029933396726847007,0.15,0.125
19,1,726,723,-0.1582040786743164,-0.1826233714818954,0.024419292807578985,0.175,0.1
19,5,742,741,-0.0305345114320516,-0.1546138375997543,0.1240793261677027,0.575,0.55
20,1,763,762,-0.0132080391049385,-0.0705597177147865,0.057351678609848,0.15,0.125
20,1,764,761,-0.2436949461698532,-0.1534835547208786,-0.09021139144897461,0.175,0.1
20,3,769,772,-0.1347986608743667,0.0014288257807493,-0.136227486655116,0.3,0.375
20,5,780,779,-0.031522911041975,-0.1762118339538574,0.1446889229118824,0.575,0.55
20,8,789,790,-0.007464975118637,-0.0372723415493965,0.0298073664307595,0.8,0.825
21,1,801,800,-0.0017066122964024,-0.1036002188920974,0.101893606595695,0.15,0.125
21,1,802,799,-0.2407834678888321,-0.1493118703365326,-0.0914715975522995,0.175,0.1
21,3,807,810,-0.3248011767864227,-0.0290866494178771,-0.2957145273685456,0.3,0.375
21,5,818,817,-0.0314980819821357,-0.0404902696609497,0.008992187678813997,0.575,0.55
22,1,839,838,-0.1054941490292549,-0.1233262419700622,0.0178320929408073,0.15,0.125
22,1,840,837,-0.2250399589538574,-0.2400650382041931,0.015025079250335693,0.175,0.1
22,8,865,866,-0.0404036045074462,0.0082017220556736,-0.0486053265631198,0.8,0.825
23,1,877,876,-0.0163407269865274,-0.1435181647539138,0.12717743776738638,0.15,0.125
23,1,878,875,-0.2026632130146026,-0.2669608891010284,0.06429767608642578,0.175,0.1
23,5,894,893,-0.0451845303177833,-0.1701652854681015,0.1249807551503182,0.575,0.55
24,1,915,914,-0.0813474953174591,-0.0914141163229942,0.010066621005535098,0.15,0.125
24,1,916,913,-0.1501218378543853,-0.1012123525142669,-0.048909485340118394,0.175,0.1
24,5,932,931,-0.0687953233718872,-0.2018927484750747,0.1330974251031875,0.575,0.55
24,8,941,942,-0.0038426052778959,-0.0184092447161674,0.014566639438271502,0.8,0.825
25,1,953,952,-0.0182295497506856,-0.0694087296724319,0.0511791799217463,0.15,0.125
25,1,954,951,-0.1569926291704177,-0.1183229759335517,-0.038669653236866,0.175,0.1
25,3,959,962,-0.1452488005161285,-0.0336262062191963,-0.11162259429693222,0.3,0.375
25,5,970,969,-0.0315922349691391,-0.0815003141760826,0.0499080792069435,0.575,0.55
26,1,991,990,-0.0254733655601739,-0.0562523901462554,0.0307790245860815,0.15,0.125
26,1,992,989,-0.1375566124916076,-0.1296713799238205,-0.007885232567787115,0.175,0.1
26,5,1008,1007,-0.0361951142549514,-0.0434399358928203,0.007244821637868902,0.575,0.55
27,1,1029,1028,-0.0409670062363147,-0.1249070689082145,0.0839400626718998,0.15,0.125
27,1,1030,1027,-0.2441824972629547,-0.1611476391553878,-0.08303485810756692,0.175,0.1
27,5,1046,1045,-0.0372386127710342,-0.1299630999565124,0.0927244871854782,0.575,0.55
28,1,1067,1065,-0.0023665577173233,-0.1077678352594375,0.1054012775421142,0.15,0.1
28,3,1073,1076,-0.2385933399200439,-0.0068216323852539,-0.23177170753478998,0.3,0.375
28,5,1084,1083,-0.0168486330658197,-0.0797959715127945,0.0629473384469748,0.575,0.55
28,8,1093,1094,-0.0189041495323181,-0.0560021251440048,0.0370979756116867,0.8,0.825
28,9,1101,1100,-0.0694333761930465,-0.1333532333374023,0.06391985714435579,1.0,0.975
29,1,1105,1104,0.00033825263381,-0.0495159663259983,0.0498542189598083,0.15,0.125
29,1,1106,1103,-0.0923133641481399,-0.1084363311529159,0.016122967004776,0.175,0.1
29,3,1111,1114,-0.0994178056716919,-0.016655720770359,-0.0827620849013329,0.3,0.375
29,8,1131,1132,-0.0062820357270538,-0.0173043385148048,0.011022302787750998,0.8,0.825
