row_id,episode_ordinal,episode_id,split,model_step,raw_step,transition_block,normalized_position,interaction_contact,support_contact,free,regime,sensor_grasp_onset,sensor_release,mse_model,mse_persistence,excess,mse_model_whitened,mse_persistence_whitened,excess_whitened,phase_decile
0,0,0,calibration,3,15,2,0.075,False,True,False,support,False,False,0.012173722498118877,0.053079839795827866,-0.040906116366386414,8.876036859211435,3.0632226869975754,5.81281417221386,0
1,0,0,calibration,4,20,3,0.1,False,True,False,support,False,False,0.010973788797855377,0.11582618206739426,-0.10485239326953888,7.927741618462843,2.0322371481594064,5.895504470303436,1
2,0,0,calibration,5,25,4,0.125,False,True,False,support,False,False,0.007547948509454727,0.0783553346991539,-0.07080738246440887,6.737886759887307,0.7950053233090953,5.942881436578212,1
3,0,0,calibration,6,30,5,0.15,True,True,False,interaction,True,False,0.006515705492347479,0.06065218523144722,-0.0541364811360836,7.250613463603007,1.5646046282525825,5.686008835350425,1
4,0,0,calibration,7,35,6,0.175,True,False,False,interaction,False,False,0.06643261015415192,0.2866609990596771,-0.2202283889055252,10.840392471094304,2.531496397140684,8.30889607395362,1
5,0,0,calibration,8,40,7,0.2,True,False,False,interaction,False,False,0.24070072174072266,0.499184250831604,-0.25848352909088135,14.570008694962487,2.741216955779825,11.828791739182662,2
6,0,0,calibration,9,45,8,0.225,True,False,False,interaction,False,False,0.35495853424072266,0.6277828216552734,-0.2728242874145508,10.265122080801488,2.5704428010283085,7.69467927977318,2
7,0,0,calibration,10,50,9,0.25,True,False,False,interaction,False,False,0.748487651348114,1.241601586341858,-0.4931139349937439,14.711052922412799,2.9638393942048595,11.74721352820794,2
8,0,0,calibration,11,55,10,0.275,True,False,False,interaction,False,False,0.4086732864379883,0.9185064435005188,-0.5098331570625305,11.90237153841491,2.739168524257021,9.163203014157888,2
9,0,0,calibration,12,60,11,0.3,True,False,False,interaction,False,False,0.020642375573515892,0.21012592315673828,-0.18948355317115784,8.16105403846237,1.9578572401844194,6.20319679827795,3
10,0,0,calibration,13,65,12,0.325,True,False,False,interaction,False,False,0.04123618081212044,0.16604717075824738,-0.12481099367141724,10.024455605456179,2.008024296560515,8.016431308895664,3
11,0,0,calibration,14,70,13,0.35,True,True,False,interaction,False,True,0.02069101296365261,0.07688684016466141,-0.05619582533836365,7.382024378552071,0.9821193130745111,6.39990506547756,3
12,0,0,calibration,15,75,14,0.375,False,True,False,support,False,False,0.0745980367064476,0.10242599248886108,-0.027827955782413483,7.7240398702846536,0.8394365217247423,6.884603348559911,3
13,0,0,calibration,16,80,15,0.4,False,True,False,support,False,False,0.1290191262960434,0.24911348521709442,-0.12009435892105103,6.600310232437562,0.7994096579988845,5.8009005744386775,4
14,0,0,calibration,17,85,16,0.425,False,True,False,support,False,False,0.05424760282039642,0.16043755412101746,-0.10618995130062103,6.545702138772856,0.7814430691708507,5.764259069602005,4
15,0,0,calibration,18,90,17,0.45,False,True,False,support,False,False,0.04169202968478203,0.11826688051223755,-0.07657484710216522,8.640872209050654,1.2965891450443656,7.344283064006288,4
16,0,0,calibration,19,95,18,0.475,False,True,False,support,False,False,0.016534311696887016,0.07071661949157715,-0.05418230593204498,7.916064356864562,0.7526834059556146,7.163380950908948,4
17,0,0,calibration,20,100,19,0.5,False,True,False,support,False,False,0.04269182309508324,0.16260264813899994,-0.1199108213186264,6.973227358961822,1.0283897796889288,5.9448375792728925,5
18,0,0,calibration,21,105,20,0.525,False,True,False,support,False,False,0.0071436516009271145,0.10070229321718216,-0.09355863928794861,6.691729311594448,0.7024004504089625,5.989328861185485,5
19,0,0,calibration,22,110,21,0.55,False,True,False,support,False,False,0.013257022015750408,0.20743592083454132,-0.19417889416217804,6.883254856846729,0.9455890867335205,5.937665770113208,5
20,0,0,calibration,23,115,22,0.575,True,True,False,interaction,True,False,0.0025048304814845324,0.03959156945347786,-0.037086740136146545,7.781833706063412,0.7389512845663028,7.042882421497109,5
21,0,0,calibration,24,120,23,0.6,True,True,False,interaction,False,False,0.048059698194265366,0.10531976073980331,-0.05726006254553795,10.295063540168275,1.9134115419895512,8.381651998178723,6
22,0,0,calibration,25,125,24,0.625,True,False,False,interaction,False,False,0.0993555411696434,0.33169427514076233,-0.23233872652053833,12.257332235475355,1.6846511299391367,10.572681105536217,6
23,0,0,calibration,26,130,25,0.65,True,False,False,interaction,False,False,0.2204044908285141,0.5025525689125061,-0.2821480631828308,10.191980976716907,2.0264383875544936,8.165542589162413,6
24,0,0,calibration,27,135,26,0.675,True,False,False,interaction,False,False,0.10477577894926071,0.46723127365112305,-0.36245548725128174,5.360427537218733,3.202227606175219,2.158199931043514,6
25,0,0,calibration,28,140,27,0.7,True,False,False,interaction,False,False,0.04788315296173096,0.22424812614917755,-0.1763649731874466,6.12789121778692,2.0223535597104383,4.105537658076482,7
26,0,0,calibration,29,145,28,0.725,True,False,False,interaction,False,False,0.0694304034113884,0.41570261120796204,-0.34627220034599304,6.596706698275068,1.4580320471131702,5.138674651161898,7
27,0,0,calibration,30,150,29,0.75,True,False,False,interaction,False,False,0.03868596628308296,0.32012835144996643,-0.2814423739910126,8.997121894550135,1.507782004001015,7.48933989054912,7
28,0,0,calibration,31,155,30,0.775,True,False,False,interaction,False,False,0.04986806586384773,0.2538496255874634,-0.20398156344890594,9.222621931785566,0.9331834868818637,8.289438444903702,7
29,0,0,calibration,32,160,31,0.8,True,True,False,interaction,False,True,0.023420507088303566,0.028858989477157593,-0.005438482388854027,7.626694359752441,0.58037857257526,7.046315787177181,8
30,0,0,calibration,33,165,32,0.825,False,True,False,support,False,False,0.1472966969013214,0.28177663683891296,-0.13447993993759155,7.839260232936806,0.9511205703368834,6.888139662599923,8
31,0,0,calibration,34,170,33,0.85,False,True,False,support,False,False,0.14133964478969574,0.3785892426967621,-0.23724959790706635,7.036147763790997,1.132377594128348,5.903770169662649,8
32,0,0,calibration,35,175,34,0.875,False,True,False,support,False,False,0.03721730411052704,0.19632892310619354,-0.1591116189956665,10.753686594314596,1.8028436550320446,8.950842939282552,8
33,0,0,calibration,36,180,35,0.9,False,True,False,support,False,False,0.0077815274707973,0.002856505336239934,0.004925021901726723,9.544147852832474,0.19115508815515295,9.352992764677321,9
34,0,0,calibration,37,185,36,0.925,False,True,False,support,False,False,0.05408851429820061,0.19263269007205963,-0.13854417204856873,7.90404976139578,1.2836154622383467,6.620434299157433,9
35,0,0,calibration,38,190,37,0.95,False,True,False,support,False,False,0.021574469283223152,0.12541328370571136,-0.10383881628513336,6.549045623163232,0.8457077962424769,5.703337826920754,9
36,0,0,calibration,39,195,38,0.975,False,True,False,support,False,False,0.01052949856966734,0.16956329345703125,-0.15903379023075104,7.06125893156985,0.9534243464831981,6.1078345850866524,9
37,0,0,calibration,40,200,39,1.0,False,True,False,support,False,False,0.007466502487659454,0.1435539424419403,-0.13608744740486145,7.139404417695762,1.0618881816579087,6.077516236037853,9
38,1,1,calibration,3,15,2,0.075,False,True,False,support,False,False,0.014027520082890987,0.06160607933998108,-0.04757855832576752,9.358761810917974,8.364885701374297,0.9938761095436774,0
39,1,1,calibration,4,20,3,0.1,False,True,False,support,False,False,0.01935984008014202,0.07382205128669739,-0.05446220934391022,8.72647046897537,1.7989035704895473,6.927566898485822,1
40,1,1,calibration,5,25,4,0.125,False,True,False,support,False,False,0.00362359918653965,0.06458055227994919,-0.06095695495605469,10.099462597045086,1.5479154184551043,8.551547178589981,1
41,1,1,calibration,6,30,5,0.15,True,True,False,interaction,True,False,0.011150114238262177,0.039030805230140686,-0.02788069099187851,11.120033296993427,1.808216584749471,9.311816712243957,1
42,1,1,calibration,7,35,6,0.175,True,False,False,interaction,False,False,0.043907731771469116,0.12426286935806274,-0.08035513758659363,15.00783160923612,2.443215276428487,12.564616332807633,1
43,1,1,calibration,8,40,7,0.2,True,False,False,interaction,False,False,0.06061384081840515,0.29257676005363464,-0.2319629192352295,10.945237045178727,3.0769698743836607,7.868267170795066,2
44,1,1,calibration,9,45,8,0.225,True,False,False,interaction,False,False,0.6556033492088318,1.3999418020248413,-0.7443384528160095,24.440457074266533,3.7990638236217564,20.641393250644775,2
45,1,1,calibration,10,50,9,0.25,True,False,False,interaction,False,False,0.47560396790504456,0.9425014853477478,-0.46689751744270325,8.351119621036842,3.7356695526501187,4.615450068386723,2
46,1,1,calibration,11,55,10,0.275,True,False,False,interaction,False,False,0.55387282371521,1.2052093744277954,-0.6513365507125854,17.52661939984678,2.9538505517407394,14.57276884810604,2
47,1,1,calibration,12,60,11,0.3,True,False,False,interaction,False,False,0.06412958353757858,0.2360237091779709,-0.1718941330909729,9.88336665305711,2.072740979481868,7.810625673575242,3
48,1,1,calibration,13,65,12,0.325,True,False,False,interaction,False,False,0.0098068006336689,0.06590622663497925,-0.05609942600131035,6.738539364051209,0.4063643721536034,6.332174991897606,3
49,1,1,calibration,14,70,13,0.35,True,True,False,interaction,False,False,0.014580038376152515,0.05246013402938843,-0.03788009658455849,6.702354402280556,0.74248924259154,5.959865159689016,3
50,1,1,calibration,15,75,14,0.375,False,True,False,support,False,True,0.06264279037714005,0.059569358825683594,0.0030734315514564514,6.940811118006778,0.4972987364795203,6.443512381527258,3
51,1,1,calibration,16,80,15,0.4,False,True,False,support,False,False,0.12493941932916641,0.23794035613536835,-0.11300093680620193,7.785147699609415,0.6869684729167537,7.098179226692661,4
52,1,1,calibration,17,85,16,0.425,False,True,False,support,False,False,0.14225085079669952,0.3181076645851135,-0.175856813788414,7.980728534944667,1.2947689965826605,6.685959538362007,4
53,1,1,calibration,18,90,17,0.45,False,True,False,support,False,False,0.017448166385293007,0.014187323860824108,0.0032608425244688988,6.908682529997123,0.8688478380897294,6.0398346919073935,4
54,1,1,calibration,19,95,18,0.475,False,True,False,support,False,False,0.09318739175796509,0.14230145514011383,-0.04911406338214874,8.991942309256729,1.9823878079602213,7.009554501296507,4
55,1,1,calibration,20,100,19,0.5,False,True,False,support,False,False,0.06758615374565125,0.11210113763809204,-0.044514983892440796,7.819774024245656,1.2692548492861546,6.5505191749595015,5
56,1,1,calibration,21,105,20,0.525,False,True,False,support,False,False,0.021637165918946266,0.13363631069660187,-0.11199914664030075,7.985000613691686,1.0451054595522427,6.939895154139443,5
57,1,1,calibration,22,110,21,0.55,False,True,False,support,False,False,0.005534979049116373,0.19724245369434357,-0.19170747697353363,7.306211472680371,0.6099778953622251,6.696233577318146,5
58,1,1,calibration,23,115,22,0.575,True,True,False,interaction,True,False,0.0018125943606719375,0.031354133039712906,-0.029541539028286934,6.430083725881303,0.39097213446463236,6.039111591416671,5
59,1,1,calibration,24,120,23,0.6,True,True,False,interaction,False,False,0.014075103215873241,0.0602569542825222,-0.046181850135326385,7.736005075293998,0.7332219651259777,7.0027831101680205,6
60,1,1,calibration,25,125,24,0.625,True,False,False,interaction,False,False,0.08619636297225952,0.33959588408470154,-0.253399521112442,9.215558000650319,1.1298187294165418,8.085739271233777,6
61,1,1,calibration,26,130,25,0.65,True,False,False,interaction,False,False,0.9307641386985779,1.4066747426986694,-0.47591060400009155,9.144028133899832,1.8411224663889045,7.302905667510927,6
62,1,1,calibration,27,135,26,0.675,True,False,False,interaction,False,False,0.002121127210557461,0.011665225960314274,-0.009544098749756813,3.570345282342887,0.527678994857431,3.042666287485456,6
63,1,1,calibration,28,140,27,0.7,True,False,False,interaction,False,False,0.7592085003852844,1.0710656642913818,-0.3118571639060974,8.757835156136155,2.0692959224656096,6.688539233670545,7
64,1,1,calibration,29,145,28,0.725,True,False,False,interaction,False,False,0.10934889316558838,0.22352834045886993,-0.11417944729328156,8.163591916079536,1.9285378265007003,6.235054089578836,7
65,1,1,calibration,30,150,29,0.75,True,False,False,interaction,False,False,0.01793045736849308,0.11737465858459473,-0.0994442030787468,7.493188037564369,0.5405119176836224,6.952676119880747,7
66,1,1,calibration,31,155,30,0.775,True,False,False,interaction,False,False,0.005195395555347204,0.03662240877747536,-0.031427014619112015,6.94538010697075,0.4256462501853317,6.519733856785418,7
67,1,1,calibration,32,160,31,0.8,False,True,False,support,False,True,0.0250286553055048,0.02140035293996334,0.003628302365541458,6.8588816548472735,0.2705700022199515,6.588311652627322,8
68,1,1,calibration,33,165,32,0.825,False,True,False,support,False,False,0.10574053972959518,0.1769559234380722,-0.07121538370847702,7.75411032340167,0.9380765352953003,6.8160337881063695,8
69,1,1,calibration,34,170,33,0.85,False,True,False,support,False,False,0.07649747282266617,0.1611560434103012,-0.08465857058763504,8.522842890957746,0.6922185006308391,7.830624390326906,8
70,1,1,calibration,35,175,34,0.875,False,True,False,support,False,False,0.04955577850341797,0.16868895292282104,-0.11913317441940308,6.985437146912379,1.447277122703021,5.5381600242093585,8
71,1,1,calibration,36,180,35,0.9,False,True,False,support,False,False,0.008476235903799534,0.002357681281864643,0.006118554621934891,6.784181311630749,0.1334782907417513,6.650703020888998,9
72,1,1,calibration,37,185,36,0.925,False,True,False,support,False,False,0.033273596316576004,0.10494088381528854,-0.07166728377342224,7.710694933747629,1.229494328806285,6.4812006049413435,9
73,1,1,calibration,38,190,37,0.95,False,True,False,support,False,False,0.015592296607792377,0.09604373574256897,-0.08045143634080887,7.397395273220845,0.7714974691908552,6.625897804029989,9
74,1,1,calibration,39,195,38,0.975,False,True,False,support,False,False,0.01942095346748829,0.18197286128997803,-0.1625519096851349,8.351157650292352,0.8362284773852834,7.514929172907069,9
75,1,1,calibration,40,200,39,1.0,False,True,False,support,False,False,0.010135873220860958,0.12208820134401321,-0.11195232719182968,8.22336305708324,0.9130444095857045,7.310318647497536,9
76,2,2,calibration,3,15,2,0.075,False,True,False,support,False,False,0.01160535216331482,0.10270273685455322,-0.0910973846912384,5.9584024454924664,9.435177761364814,-3.476775315872348,0
77,2,2,calibration,4,20,3,0.1,False,True,False,support,False,False,0.005805323366075754,0.18572662770748138,-0.17992129921913147,5.9257601692696475,3.587314441701693,2.3384457275679544,1
78,2,2,calibration,5,25,4,0.125,False,True,False,support,False,False,0.03377874940633774,0.10115506500005722,-0.06737631559371948,8.25686686247999,3.7233208748618054,4.533545987618185,1
79,2,2,calibration,6,30,5,0.15,True,True,False,interaction,True,False,0.06645994633436203,0.14215087890625,-0.07569093257188797,16.21700348252756,3.8278787743854923,12.389124708142067,1
80,2,2,calibration,7,35,6,0.175,True,False,False,interaction,False,False,0.11881015449762344,0.330112487077713,-0.21130234003067017,46.41563702959015,3.7932185003140546,42.622418529276096,1
81,2,2,calibration,8,40,7,0.2,True,False,False,interaction,False,False,0.6986019015312195,1.5424460172653198,-0.8438441157341003,126.23733038133969,3.919843975748685,122.317486405591,2
82,2,2,calibration,9,45,8,0.225,True,False,False,interaction,False,False,1.0294030904769897,1.7466087341308594,-0.7172056436538696,29.152382951104187,3.9335800547404687,25.21880289636372,2
83,2,2,calibration,10,50,9,0.25,True,False,False,interaction,False,False,1.4883203506469727,1.8342313766479492,-0.34591102600097656,105.48837977663551,3.419358655251854,102.06902112138366,2
84,2,2,calibration,11,55,10,0.275,True,False,False,interaction,False,False,1.5387760400772095,1.7623945474624634,-0.2236185073852539,78.94908865588029,3.4853263506386476,75.46376230524164,2
85,2,2,calibration,12,60,11,0.3,True,False,False,interaction,False,False,1.344758152961731,1.8345478773117065,-0.4897897243499756,54.78770464650765,3.047907733728858,51.73979691277879,3
86,2,2,calibration,13,65,12,0.325,True,False,False,interaction,False,False,0.06083862483501434,0.2839873135089874,-0.22314868867397308,5.51931696859526,1.5288861163460041,3.990430852249256,3
87,2,2,calibration,14,70,13,0.35,True,True,False,interaction,False,True,0.0063567510806024075,0.052094340324401855,-0.04573759064078331,5.416174813989279,0.791732967645213,4.624441846344066,3
88,2,2,calibration,15,75,14,0.375,False,True,False,support,False,False,0.08973772078752518,0.11589273810386658,-0.0261550173163414,6.240523150711666,0.6227560879381119,5.617767062773554,3
89,2,2,calibration,16,80,15,0.4,False,True,False,support,False,False,0.17634983360767365,0.276713103055954,-0.10036326944828033,6.552601800986214,0.7688979598717546,5.78370384111446,4
90,2,2,calibration,17,85,16,0.425,False,True,False,support,False,False,0.060430046170949936,0.12057586759328842,-0.060145821422338486,8.385222395345945,0.8117579266432537,7.573464468702691,4
91,2,2,calibration,18,90,17,0.45,False,True,False,support,False,False,0.06328286975622177,0.12424510717391968,-0.060962237417697906,11.804119143846478,1.5771694475869904,10.226949696259487,4
92,2,2,calibration,19,95,18,0.475,False,True,False,support,False,False,0.017829691991209984,0.07261588424444199,-0.05478619039058685,9.78652625868917,1.1503108762742005,8.636215382414969,4
93,2,2,calibration,20,100,19,0.5,False,True,False,support,False,False,0.02449074387550354,0.08272061496973038,-0.05822987109422684,7.874629756618721,0.7794062834237966,7.095223473194925,5
94,2,2,calibration,21,105,20,0.525,False,True,False,support,False,False,0.006710316985845566,0.07673606276512146,-0.0700257420539856,7.3471063470645825,0.7574868353481925,6.58961951171639,5
95,2,2,calibration,22,110,21,0.55,False,True,False,support,False,False,0.007007127162069082,0.2133954018354416,-0.20638827979564667,6.874861715258979,0.5353826953607471,6.339479019898232,5
96,2,2,calibration,23,115,22,0.575,False,True,False,support,False,False,0.01849711872637272,0.14456163346767426,-0.1260645091533661,7.237563870370063,1.8513672250951434,5.38619664527492,5
97,2,2,calibration,24,120,23,0.6,True,True,False,interaction,True,False,0.04772798344492912,0.06685233861207962,-0.019124355167150497,7.415669424177473,1.6104900925939667,5.805179331583506,6
98,2,2,calibration,25,125,24,0.625,True,False,False,interaction,False,False,0.09775110334157944,0.3003678023815155,-0.20261669158935547,8.099009737204812,1.4535340933893506,6.645475643815461,6
99,2,2,calibration,26,130,25,0.65,True,False,False,interaction,False,False,0.07967662811279297,0.4496813714504242,-0.3700047433376312,7.714009863195656,1.4074793469316604,6.3065305162639955,6
100,2,2,calibration,27,135,26,0.675,True,False,False,interaction,False,False,0.03988737240433693,0.1865573674440384,-0.14666999876499176,5.835161889976912,1.6786399477159133,4.156521942260999,6
101,2,2,calibration,28,140,27,0.7,True,False,False,interaction,False,False,0.051264166831970215,0.40586137771606445,-0.35459721088409424,4.634612482324505,2.285150925413497,2.349461556911008,7
102,2,2,calibration,29,145,28,0.725,True,False,False,interaction,False,False,0.0349142961204052,0.24639646708965302,-0.21148216724395752,5.181070585546321,1.3693344420428755,3.8117361435034454,7
103,2,2,calibration,30,150,29,0.75,True,False,False,interaction,False,False,0.013461246155202389,0.09095904976129532,-0.07749780267477036,5.052751245522685,0.9386860972789933,4.114065148243691,7
104,2,2,calibration,31,155,30,0.775,True,False,False,interaction,False,False,0.003958150278776884,0.043116357177495956,-0.039158206433057785,5.938875723625897,0.4484281851125825,5.4904475385133145,7
105,2,2,calibration,32,160,31,0.8,True,True,False,interaction,False,True,0.0031311947386711836,0.021191949024796486,-0.018060754984617233,5.433152066384491,0.3359472371176954,5.097204829266796,8
106,2,2,calibration,33,165,32,0.825,False,True,False,support,False,False,0.09065654128789902,0.10971593856811523,-0.019059397280216217,6.458936763058702,0.5596891108571931,5.899247652201509,8
107,2,2,calibration,34,170,33,0.85,False,True,False,support,False,False,0.2604494094848633,0.3803853988647461,-0.11993598937988281,8.280402276545118,0.7801429697875504,7.500259306757568,8
108,2,2,calibration,35,175,34,0.875,False,True,False,support,False,False,0.09191472083330154,0.10263713449239731,-0.010722413659095764,9.825106381692507,0.8875701084692506,8.937536273223257,8
109,2,2,calibration,36,180,35,0.9,False,True,False,support,False,False,0.00737781822681427,0.004790882114320993,0.0025869361124932766,8.176806624573336,0.2750886190779306,7.901718005495406,9
110,2,2,calibration,37,185,36,0.925,False,True,False,support,False,False,0.0190682765096426,0.07143620401620865,-0.0523679256439209,6.0217615421450965,1.0827035430808163,4.93905799906428,9
111,2,2,calibration,38,190,37,0.95,False,True,False,support,False,False,0.008114843629300594,0.08977001905441284,-0.08165517449378967,6.416342657699759,0.7605080838635484,5.65583457383621,9
112,2,2,calibration,39,195,38,0.975,False,True,False,support,False,False,0.016307828947901726,0.06667060405015945,-0.05036277323961258,5.906601271100576,0.5324682744967149,5.374132996603861,9
113,2,2,calibration,40,200,39,1.0,False,True,False,support,False,False,0.012690001167356968,0.09219107031822205,-0.07950107008218765,5.594190431586366,0.7403536266195893,4.853836804966777,9
114,3,3,calibration,3,15,2,0.075,False,True,False,support,False,False,0.01612081564962864,0.1018863096833229,-0.08576549589633942,8.338922117867837,4.195727642329474,4.143194475538363,0
115,3,3,calibration,4,20,3,0.1,False,True,False,support,False,False,0.003530193818733096,0.18055029213428497,-0.1770201027393341,6.556531026094171,2.5045644695023426,4.051966556591829,1
116,3,3,calibration,5,25,4,0.125,False,True,False,support,False,False,0.01345313061028719,0.13097071647644043,-0.11751758307218552,8.211318080000511,1.2406776907866401,6.970640389213871,1
117,3,3,calibration,6,30,5,0.15,True,True,False,interaction,True,False,0.015493550337851048,0.0672636404633522,-0.05177009105682373,8.63626327016138,1.942602241410829,6.693661028750552,1
118,3,3,calibration,7,35,6,0.175,True,False,False,interaction,False,False,0.12315613776445389,0.3368411064147949,-0.21368497610092163,16.63235706870353,3.575565236716393,13.056791831987137,1
119,3,3,calibration,8,40,7,0.2,True,False,False,interaction,False,False,0.37172508239746094,1.0571657419204712,-0.6854406595230103,22.607872043420752,3.8973496865991564,18.710522356821595,2
120,3,3,calibration,9,45,8,0.225,True,False,False,interaction,False,False,1.1054528951644897,1.6992902755737305,-0.5938373804092407,78.96892672084925,3.586277429184843,75.3826492916644,2
121,3,3,calibration,10,50,9,0.25,True,False,False,interaction,False,False,1.0056580305099487,1.591503620147705,-0.5858455896377563,9.58884753327792,3.297450054083279,6.291397479194641,2
122,3,3,calibration,11,55,10,0.275,True,False,False,interaction,False,False,1.2723432779312134,1.706578254699707,-0.43423497676849365,14.212599354543833,2.6738744234560143,11.538724931087819,2
123,3,3,calibration,12,60,11,0.3,True,False,False,interaction,False,False,0.09671521186828613,0.465578556060791,-0.3688633441925049,11.63469089878505,2.514259458468288,9.120431440316763,3
124,3,3,calibration,13,65,12,0.325,True,False,False,interaction,False,False,0.07670360058546066,0.32685747742652893,-0.25015386939048767,10.330296675668995,1.7484320882129,8.581864587456096,3
125,3,3,calibration,14,70,13,0.35,True,True,False,interaction,False,True,0.034762073308229446,0.05564787983894348,-0.020885806530714035,7.3305484595951755,0.8542821551817029,6.476266304413473,3
126,3,3,calibration,15,75,14,0.375,False,True,False,support,False,False,0.04986170306801796,0.04229557886719704,0.007566124200820923,7.129195680825263,0.5177868876661161,6.611408793159147,3
127,3,3,calibration,16,80,15,0.4,False,True,False,support,False,False,0.17275293171405792,0.3292224109172821,-0.15646947920322418,9.362188063517523,0.7194693076693545,8.642718755848168,4
128,3,3,calibration,17,85,16,0.425,False,True,False,support,False,False,0.05871335789561272,0.1794063001871109,-0.12069293856620789,15.419360561938083,1.2176376482416675,14.201722913696415,4
129,3,3,calibration,18,90,17,0.45,False,True,False,support,False,False,0.014429221861064434,0.031860511749982834,-0.017431288957595825,11.467587889458839,1.2629784669531592,10.20460942250568,4
130,3,3,calibration,19,95,18,0.475,False,True,False,support,False,False,0.017762884497642517,0.03759217634797096,-0.019829291850328445,7.949776034975284,1.7898776974164077,6.159898337558876,4
131,3,3,calibration,20,100,19,0.5,False,True,False,support,False,False,0.013814707286655903,0.0547637939453125,-0.04094908758997917,8.330684530216379,0.7440387252677514,7.586645804948628,5
132,3,3,calibration,21,105,20,0.525,False,True,False,support,False,False,0.025712326169013977,0.2100319117307663,-0.18431958556175232,8.205908943363026,0.8698434192472694,7.336065524115757,5
133,3,3,calibration,22,110,21,0.55,False,True,False,support,False,False,0.015067479573190212,0.2236844301223755,-0.2086169570684433,7.003565077457473,0.7205093037351965,6.2830557737222765,5
134,3,3,calibration,23,115,22,0.575,True,True,False,interaction,True,False,0.016547981649637222,0.06245270371437073,-0.045904722064733505,7.179987241698659,1.0195671047932617,6.1604201369053975,5
135,3,3,calibration,24,120,23,0.6,True,True,False,interaction,False,False,0.06265231221914291,0.21665091812610626,-0.15399861335754395,8.36177320597736,1.767201795432136,6.594571410545225,6
136,3,3,calibration,25,125,24,0.625,True,False,False,interaction,False,False,0.12255162000656128,0.36186859011650085,-0.23931697010993958,10.795504206773343,2.044387928399061,8.751116278374282,6
137,3,3,calibration,26,130,25,0.65,True,False,False,interaction,False,False,0.4805006682872772,1.2216867208480835,-0.7411860227584839,11.073281178787186,2.765590447179518,8.307690731607668,6
138,3,3,calibration,27,135,26,0.675,True,False,False,interaction,False,False,0.3019181489944458,0.7896077632904053,-0.4876896142959595,7.431146047694358,3.335227502248891,4.095918545445467,6
139,3,3,calibration,28,140,27,0.7,True,False,False,interaction,False,False,0.6892774701118469,1.2826886177062988,-0.5934111475944519,9.980465484173903,3.4097009794503337,6.57076450472357,7
140,3,3,calibration,29,145,28,0.725,True,False,False,interaction,False,False,0.3134610652923584,0.7394604682922363,-0.42599940299987793,11.367828969706801,2.244372763928989,9.123456205777812,7
141,3,3,calibration,30,150,29,0.75,True,False,False,interaction,False,False,0.06759023666381836,0.28647127747535706,-0.2188810408115387,12.270890612574656,1.4867814649541982,10.784109147620457,7
142,3,3,calibration,31,155,30,0.775,True,False,False,interaction,False,False,0.048406932502985,0.1355750560760498,-0.0871681272983551,8.634063491784632,1.0403967063065487,7.593666785478083,7
143,3,3,calibration,32,160,31,0.8,False,True,False,support,False,True,0.022255877032876015,0.0236692875623703,-0.0014134105294942856,6.428813280239347,0.46060154314320284,5.968211737096144,8
144,3,3,calibration,33,165,32,0.825,False,True,False,support,False,False,0.10045937448740005,0.11017408221960068,-0.009714707732200623,7.569113427243768,0.5421746570700899,7.026938770173678,8
145,3,3,calibration,34,170,33,0.85,False,True,False,support,False,False,0.13752827048301697,0.29978904128074646,-0.1622607707977295,8.848195886186474,0.8511745536704546,7.997021332516019,8
146,3,3,calibration,35,175,34,0.875,False,True,False,support,False,False,0.10620323568582535,0.3434046506881714,-0.23720142245292664,10.470251688005005,1.3781638738859272,9.092087814119077,8
147,3,3,calibration,36,180,35,0.9,False,True,False,support,False,False,0.008475172333419323,0.0008753605070523918,0.007599812000989914,9.409918693950864,0.07891035317024438,9.33100834078062,9
148,3,3,calibration,37,185,36,0.925,False,True,False,support,False,False,0.03287816420197487,0.19316299259662628,-0.1602848321199417,9.82823748453309,1.1596689247635925,8.668568559769499,9
149,3,3,calibration,38,190,37,0.95,False,True,False,support,False,False,0.03522400185465813,0.20344294607639313,-0.1682189404964447,6.73625045690444,0.889144645060313,5.847105811844127,9
150,3,3,calibration,39,195,38,0.975,False,True,False,support,False,False,0.024753371253609657,0.14742763340473175,-0.12267426401376724,6.585559339091056,0.823755614951696,5.76180372413936,9
151,3,3,calibration,40,200,39,1.0,False,True,False,support,False,False,0.007613146677613258,0.03626326099038124,-0.028650114312767982,5.943566996964743,0.4495898909509806,5.493977106013762,9
152,4,4,calibration,3,15,2,0.075,False,True,False,support,False,False,0.0078065600246191025,0.08564841002225876,-0.0778418481349945,4.597632722811672,4.280382720736667,0.31725000207500464,0
153,4,4,calibration,4,20,3,0.1,False,True,False,support,False,False,0.028696725144982338,0.12088070064783096,-0.09218397736549377,6.831091275403029,2.6813684923734074,4.149722783029622,1
154,4,4,calibration,5,25,4,0.125,False,True,False,support,False,False,0.01999959908425808,0.049283578991889954,-0.029283979907631874,7.13996737005838,2.1331800156450176,5.006787354413362,1
155,4,4,calibration,6,30,5,0.15,True,True,False,interaction,True,False,0.0033022649586200714,0.036293238401412964,-0.03299097344279289,6.09648371309257,1.4531358454522236,4.643347867640347,1
156,4,4,calibration,7,35,6,0.175,True,False,False,interaction,False,False,0.13717035949230194,0.19190329313278198,-0.05473293364048004,15.516194334645979,3.2579238318001646,12.258270502845814,1
157,4,4,calibration,8,40,7,0.2,True,False,False,interaction,False,False,0.13166110217571259,0.5252332091331482,-0.3935720920562744,15.16548639051499,3.7355505671453826,11.429935823369608,2
158,4,4,calibration,9,45,8,0.225,True,False,False,interaction,False,False,0.6776272654533386,1.494207739830017,-0.8165804743766785,85.45567743743868,3.8781617128100545,81.57751572462863,2
159,4,4,calibration,10,50,9,0.25,True,False,False,interaction,False,False,1.3384733200073242,1.7530940771102905,-0.4146207571029663,361.1719504096405,3.3534375729424535,357.81851283669806,2
160,4,4,calibration,11,55,10,0.275,True,False,False,interaction,False,False,1.5074081420898438,1.8735796213150024,-0.3661714792251587,63.56164170509272,2.296532156650784,61.265109548441934,2
161,4,4,calibration,12,60,11,0.3,True,False,False,interaction,False,False,0.08990452438592911,0.3104546070098877,-0.22055009007453918,6.536718878748903,1.4956180177415728,5.04110086100733,3
162,4,4,calibration,13,65,12,0.325,True,False,False,interaction,False,False,0.09109001606702805,0.2349209040403366,-0.14383089542388916,9.111936108580108,1.0116196151066272,8.100316493473482,3
163,4,4,calibration,14,70,13,0.35,True,False,False,interaction,False,False,0.030883664265275,0.12057111412286758,-0.08968745172023773,6.82496488184799,0.8909631708548326,5.934001710993157,3
164,4,4,calibration,15,75,14,0.375,False,True,False,support,False,True,0.10344790667295456,0.10714337974786758,-0.003695473074913025,6.10038911968087,0.7757107514427961,5.324678368238074,3
165,4,4,calibration,16,80,15,0.4,False,True,False,support,False,False,0.15895326435565948,0.30665433406829834,-0.14770106971263885,5.483779675468824,0.9890386408672756,4.494741034601549,4
166,4,4,calibration,17,85,16,0.425,False,True,False,support,False,False,0.11870476603507996,0.2600500285625458,-0.14134526252746582,8.599742913912278,1.4360771746942778,7.1636657392180005,4
167,4,4,calibration,18,90,17,0.45,False,True,False,support,False,False,0.01170821487903595,0.0026518048252910376,0.009056409820914268,9.404103276456508,0.13361384916982605,9.270489427286682,4
168,4,4,calibration,19,95,18,0.475,False,True,False,support,False,False,0.07127489149570465,0.18824023008346558,-0.11696533858776093,9.263782583418115,1.3088334605055991,7.954949122912516,4
169,4,4,calibration,20,100,19,0.5,False,True,False,support,False,False,0.010940439067780972,0.06041215732693672,-0.049471717327833176,6.536265207568071,0.5380451928834654,5.998220014684606,5
170,4,4,calibration,21,105,20,0.525,False,True,False,support,False,False,0.005686245858669281,0.09309115260839462,-0.08740490674972534,6.1156643946442815,0.5194294214052397,5.596234973239042,5
171,4,4,calibration,22,110,21,0.55,False,True,False,support,False,False,0.01190433744341135,0.08801218122243881,-0.07610784471035004,7.204521897871373,0.566040621348416,6.638481276522957,5
172,4,4,calibration,23,115,22,0.575,True,True,False,interaction,True,False,0.004015232902020216,0.04347972944378853,-0.039464496076107025,7.459082550158399,0.5452950948101042,6.913787455348295,5
173,4,4,calibration,24,120,23,0.6,True,True,False,interaction,False,False,0.026288852095603943,0.17717403173446655,-0.1508851796388626,6.9816374445972995,1.447325105103091,5.534312339494209,6
174,4,4,calibration,25,125,24,0.625,True,False,False,interaction,False,False,0.4799973964691162,0.7209479212760925,-0.24095052480697632,7.5975988731688675,3.0067051358969477,4.590893737271919,6
175,4,4,calibration,26,130,25,0.65,True,False,False,interaction,False,False,0.751271665096283,1.1691950559616089,-0.4179233908653259,6.518376781524753,2.895229987956618,3.6231467935681354,6
176,4,4,calibration,27,135,26,0.675,True,False,False,interaction,False,False,0.15769734978675842,0.38862061500549316,-0.23092326521873474,4.407335978334696,2.329061122879176,2.0782748554555197,6
177,4,4,calibration,28,140,27,0.7,True,False,False,interaction,False,False,0.47845086455345154,0.8672241568565369,-0.3887732923030853,8.245289110201737,2.1845434397955876,6.060745670406149,7
178,4,4,calibration,29,145,28,0.725,True,False,False,interaction,False,False,0.05903860554099083,0.25854405760765076,-0.19950544834136963,6.741869884972803,1.1295592501881024,5.6123106347847,7
179,4,4,calibration,30,150,29,0.75,True,False,False,interaction,False,False,0.04860036447644234,0.20304985344409943,-0.1544494926929474,8.45231866984773,0.7999278486648956,7.652390821182833,7
180,4,4,calibration,31,155,30,0.775,True,False,False,interaction,False,False,0.014779889024794102,0.10445282608270645,-0.08967293798923492,6.51294011304497,0.8521074322350847,5.660832680809886,7
181,4,4,calibration,32,160,31,0.8,False,True,False,support,False,True,0.05393628776073456,0.07397278398275375,-0.020036496222019196,6.001690632374422,0.6428448362164959,5.358845796157926,8
182,4,4,calibration,33,165,32,0.825,False,True,False,support,False,False,0.21412153542041779,0.3351689279079437,-0.12104739248752594,5.106210727919618,0.8658523432471673,4.240358384672451,8
183,4,4,calibration,34,170,33,0.85,False,True,False,support,False,False,0.05494660139083862,0.1918926239013672,-0.13694602251052856,8.539980764152189,1.5176994719144818,7.0222812922377065,8
184,4,4,calibration,35,175,34,0.875,False,True,False,support,False,False,0.01832452416419983,0.03815948963165283,-0.019834965467453003,8.883783206513241,1.8543493887182898,7.029433817794952,8
185,4,4,calibration,36,180,35,0.9,False,True,False,support,False,False,0.04971472546458244,0.11810604482889175,-0.06839132308959961,9.057401524151988,2.5547213769509844,6.502680147201003,9
186,4,4,calibration,37,185,36,0.925,False,True,False,support,False,False,0.046932071447372437,0.133509561419487,-0.08657748997211456,7.098752567087952,1.1491106608260202,5.949641906261932,9
187,4,4,calibration,38,190,37,0.95,False,True,False,support,False,False,0.015010740607976913,0.09592538326978683,-0.08091464638710022,5.268683472146303,0.30271256684023246,4.9659709053060705,9
188,4,4,calibration,39,195,38,0.975,False,True,False,support,False,False,0.01053228136152029,0.1006772518157959,-0.09014496952295303,5.798838170344884,0.5232010287385312,5.275637141606353,9
189,4,4,calibration,40,200,39,1.0,True,True,False,interaction,True,False,0.0029172366484999657,0.025207677856087685,-0.022290442138910294,5.8476064141760284,0.2273404804400454,5.620265933735983,9
190,5,5,calibration,3,15,2,0.075,False,True,False,support,False,False,0.006361959967762232,0.05321365222334862,-0.046851690858602524,5.174139468591153,0.5722572572650702,4.601882211326083,0
191,5,5,calibration,4,20,3,0.1,False,True,False,support,False,False,0.012246650643646717,0.16838522255420685,-0.1561385691165924,6.548430116637341,0.8965368154498172,5.651893301187524,1
192,5,5,calibration,5,25,4,0.125,False,True,False,support,False,False,0.017297619953751564,0.18169331550598145,-0.16439568996429443,7.763729534113082,0.8725278600489189,6.891201674064163,1
193,5,5,calibration,6,30,5,0.15,True,True,False,interaction,True,False,0.008507654070854187,0.07874152064323425,-0.07023386657238007,8.13306262535484,0.8252194708163096,7.307843154538531,1
194,5,5,calibration,7,35,6,0.175,True,False,False,interaction,False,False,0.10146645456552505,0.3524295389652252,-0.25096309185028076,10.085015456345149,1.9084161930572427,8.176599263287907,1
195,5,5,calibration,8,40,7,0.2,True,False,False,interaction,False,False,0.5570844411849976,0.8484475016593933,-0.29136306047439575,8.123612405211631,3.043425677790322,5.080186727421308,2
196,5,5,calibration,9,45,8,0.225,True,False,False,interaction,False,False,1.3959145545959473,1.9310325384140015,-0.5351179838180542,11.523795630389989,3.0054835330658425,8.518312097324147,2
197,5,5,calibration,10,50,9,0.25,True,False,False,interaction,False,False,0.1227545216679573,0.1772109717130661,-0.054456450045108795,8.460743590566883,2.474446467997514,5.986297122569369,2
198,5,5,calibration,11,55,10,0.275,True,False,False,interaction,False,False,0.18176837265491486,0.5907200574874878,-0.40895169973373413,10.226198203016496,2.7124229790309013,7.513775223985595,2
199,5,5,calibration,12,60,11,0.3,True,False,False,interaction,False,False,0.04915079101920128,0.26505324244499207,-0.2159024477005005,8.093790792191518,1.2500176216748644,6.843773170516654,3
200,5,5,calibration,13,65,12,0.325,True,False,False,interaction,False,False,0.02287396974861622,0.2704334259033203,-0.24755945801734924,8.674033853414686,1.1882503510712759,7.48578350234341,3
201,5,5,calibration,14,70,13,0.35,True,True,False,interaction,False,True,0.04015244171023369,0.10120531171560287,-0.061052870005369186,7.679162411725538,1.2359907018432186,6.44317170988232,3
202,5,5,calibration,15,75,14,0.375,False,True,False,support,False,False,0.06601852178573608,0.05343782901763916,0.012580692768096924,6.707736320964924,0.37781814082825377,6.32991818013667,3
203,5,5,calibration,16,80,15,0.4,False,True,False,support,False,False,0.17978155612945557,0.31630444526672363,-0.13652288913726807,7.347138697397227,0.6475202433020306,6.699618454095196,4
204,5,5,calibration,17,85,16,0.425,False,True,False,support,False,False,0.06889599561691284,0.19321048259735107,-0.12431448698043823,8.153922908319393,0.8338017525050091,7.320121155814384,4
205,5,5,calibration,18,90,17,0.45,False,True,False,support,False,False,0.02064143680036068,0.0504794679582119,-0.02983803115785122,8.553681270023509,0.7300042908046759,7.823676979218833,4
206,5,5,calibration,19,95,18,0.475,False,True,False,support,False,False,0.01592717319726944,0.08747545629739761,-0.07154828310012817,11.772131044104205,1.0674997040198342,10.70463134008437,4
207,5,5,calibration,20,100,19,0.5,False,True,False,support,False,False,0.012555718421936035,0.09790119528770447,-0.08534547686576843,8.023960578348767,0.4481805218812415,7.575780056467526,5
208,5,5,calibration,21,105,20,0.525,False,True,False,support,False,False,0.006189281120896339,0.12023361772298813,-0.11404433846473694,7.063525001605115,0.4266225263949936,6.636902475210122,5
209,5,5,calibration,22,110,21,0.55,False,True,False,support,False,False,0.004195929039269686,0.12578196823596954,-0.12158603966236115,7.16162033362988,0.509453846946791,6.65216648668309,5
210,5,5,calibration,23,115,22,0.575,False,True,False,support,False,False,0.002948792651295662,0.04626798629760742,-0.04331919550895691,7.685409872680432,0.5370578341087296,7.148352038571702,5
211,5,5,calibration,24,120,23,0.6,True,True,False,interaction,True,False,0.013010230846703053,0.04793337360024452,-0.034923143684864044,7.140724031567778,0.920275738700813,6.2204482928669655,6
212,5,5,calibration,25,125,24,0.625,True,False,False,interaction,False,False,0.14027278125286102,0.38987064361572266,-0.24959786236286163,11.16150802031214,1.4076596222242737,9.753848398087868,6
213,5,5,calibration,26,130,25,0.65,True,False,False,interaction,False,False,0.1991027593612671,0.7528374791145325,-0.5537347197532654,6.7770197075503065,2.676726529498134,4.100293178052173,6
214,5,5,calibration,27,135,26,0.675,True,False,False,interaction,False,False,0.19749236106872559,0.9117500185966492,-0.7142576575279236,6.955022102869468,3.1613706001856645,3.7936515026838036,6
215,5,5,calibration,28,140,27,0.7,True,False,False,interaction,False,False,0.44967034459114075,1.2725212574005127,-0.8228509426116943,9.962908580682027,2.871763601177539,7.091144979504488,7
216,5,5,calibration,29,145,28,0.725,True,False,False,interaction,False,False,0.07898198813199997,0.6174458861351013,-0.5384638905525208,7.852738986205999,1.8425703704792236,6.0101686157267755,7
217,5,5,calibration,30,150,29,0.75,True,False,False,interaction,False,False,0.06959090381860733,0.20798170566558838,-0.13839080929756165,9.860032576796678,1.2312717138839497,8.628760862912728,7
218,5,5,calibration,31,155,30,0.775,True,False,False,interaction,False,False,0.03372805938124657,0.10933969169855118,-0.07561163604259491,6.924263394074294,1.2682075713402552,5.6560558227340385,7
219,5,5,calibration,32,160,31,0.8,True,True,False,interaction,False,True,0.07263263314962387,0.07681608200073242,-0.004183448851108551,7.792593981005621,1.1635333031577642,6.629060677847857,8
220,5,5,calibration,33,165,32,0.825,False,True,False,support,False,False,0.07035376876592636,0.0658746138215065,0.004479154944419861,6.923793772800024,0.6304206947735581,6.293373078026466,8
221,5,5,calibration,34,170,33,0.85,False,True,False,support,False,False,0.14722436666488647,0.26305830478668213,-0.11583393812179565,5.927607247506322,0.6480529518604056,5.279554295645917,8
222,5,5,calibration,35,175,34,0.875,False,True,False,support,False,False,0.08529938012361526,0.16344037652015686,-0.0781409963965416,8.582556351333599,2.025740614450285,6.556815736883314,8
223,5,5,calibration,36,180,35,0.9,False,True,False,support,False,False,0.014054276049137115,0.032983943819999695,-0.01892966777086258,8.751162384687317,1.1473590173379506,7.603803367349367,9
224,5,5,calibration,37,185,36,0.925,False,True,False,support,False,False,0.022360051050782204,0.09185224026441574,-0.06949219107627869,7.382882594794573,0.9839357042391709,6.398946890555402,9
225,5,5,calibration,38,190,37,0.95,False,True,False,support,False,False,0.015796953812241554,0.08802837133407593,-0.07223141938447952,7.761612830785228,0.47453076592982163,7.287082064855406,9
226,5,5,calibration,39,195,38,0.975,False,True,False,support,False,False,0.010882403701543808,0.08993726968765259,-0.07905486226081848,7.765881934838347,0.9214838989715527,6.844398035866795,9
227,5,5,calibration,40,200,39,1.0,False,True,False,support,False,False,0.006349558476358652,0.033478379249572754,-0.02712882123887539,6.845239582371055,0.6418481597035722,6.203391422667482,9
228,6,6,calibration,3,15,2,0.075,False,True,False,support,False,False,0.00777077442035079,0.1105637326836586,-0.10279295593500137,7.6816496964930145,5.187791868184449,2.493857828308566,0
229,6,6,calibration,4,20,3,0.1,False,True,False,support,False,False,0.013373603112995625,0.22650854289531708,-0.21313494443893433,8.080363811928656,2.5287095250834906,5.5516542868451655,1
230,6,6,calibration,5,25,4,0.125,False,True,False,support,False,False,0.003307394916191697,0.07973644137382507,-0.07642904669046402,6.530027937302343,1.4194658545240106,5.1105620827783325,1
231,6,6,calibration,6,30,5,0.15,True,True,False,interaction,True,False,0.0082465261220932,0.06658016890287399,-0.05833364278078079,5.634098541971578,1.602658462557032,4.031440079414546,1
232,6,6,calibration,7,35,6,0.175,True,False,False,interaction,False,False,0.0806710347533226,0.18350756168365479,-0.10283652693033218,8.234064790671509,2.5332855308570568,5.7007792598144515,1
233,6,6,calibration,8,40,7,0.2,True,False,False,interaction,False,False,0.2061154842376709,0.8550951480865479,-0.648979663848877,5.112443660111035,2.9623776480629327,2.1500660120481023,2
234,6,6,calibration,9,45,8,0.225,True,False,False,interaction,False,False,0.5415213108062744,1.470781922340393,-0.9292606115341187,5.886828064558688,3.2506633713743143,2.6361646931843734,2
235,6,6,calibration,10,50,9,0.25,True,False,False,interaction,False,False,0.11982043832540512,0.2701932489871979,-0.15037280321121216,5.996891949479686,2.0307134234158917,3.966178526063794,2
236,6,6,calibration,11,55,10,0.275,True,False,False,interaction,False,False,0.27717873454093933,0.6222695112228394,-0.3450907766819,6.058746457256255,1.8496285883730004,4.209117868883255,2
237,6,6,calibration,12,60,11,0.3,True,False,False,interaction,False,False,0.04794694855809212,0.2037818878889084,-0.15583494305610657,5.065879588773478,1.354976435740198,3.7109031530332794,3
238,6,6,calibration,13,65,12,0.325,True,False,False,interaction,False,False,0.03243931010365486,0.1726284623146057,-0.14018915593624115,6.135358201866329,0.7173009549399761,5.418057246926353,3
239,6,6,calibration,14,70,13,0.35,True,True,False,interaction,False,True,0.03392014279961586,0.09898096323013306,-0.0650608241558075,5.806467114464293,1.1048390733234386,4.701628041140854,3
240,6,6,calibration,15,75,14,0.375,False,True,False,support,False,False,0.10968074947595596,0.10975568741559982,-7.493793964385986e-05,7.31436051326477,1.007469706853992,6.306890806410778,3
241,6,6,calibration,16,80,15,0.4,False,True,False,support,False,False,0.13085578382015228,0.31738951802253723,-0.18653373420238495,8.011302373425293,0.638592348744128,7.372710024681165,4
242,6,6,calibration,17,85,16,0.425,False,True,False,support,False,False,0.07308787852525711,0.14418067038059235,-0.07109279185533524,7.160626136836378,0.8093059658663355,6.351320170970043,4
243,6,6,calibration,18,90,17,0.45,False,True,False,support,False,False,0.054869454354047775,0.08966974169015884,-0.03480028733611107,8.2413338593209,1.7154625249893511,6.525871334331549,4
244,6,6,calibration,19,95,18,0.475,False,True,False,support,False,False,0.06563562154769897,0.08618271350860596,-0.020547091960906982,6.631333254412827,1.6073396781251528,5.023993576287674,4
245,6,6,calibration,20,100,19,0.5,False,True,False,support,False,False,0.10878600925207138,0.1588173657655716,-0.050031356513500214,6.875255494995763,0.9061800902001177,5.969075404795645,5
246,6,6,calibration,21,105,20,0.525,False,True,False,support,False,False,0.016999760642647743,0.08099234104156494,-0.06399258226156235,6.7884434119124135,0.651382181445156,6.137061230467258,5
247,6,6,calibration,22,110,21,0.55,False,True,False,support,False,False,0.004931807518005371,0.17590279877185822,-0.17097099125385284,6.294345717918172,0.7495781331567923,5.544767584761379,5
248,6,6,calibration,23,115,22,0.575,False,True,False,support,False,False,0.010840650647878647,0.10546875,-0.09462809562683105,5.044422280789344,0.9641068985925364,4.080315382196807,5
249,6,6,calibration,24,120,23,0.6,True,True,False,interaction,True,False,0.013962757773697376,0.0458531491458416,-0.0318903923034668,6.4154859431757885,0.7191598490748831,5.696326094100906,6
250,6,6,calibration,25,125,24,0.625,True,False,False,interaction,False,False,0.13196705281734467,0.3831857442855835,-0.25121867656707764,9.60842685393606,1.0711764637253725,8.537250390210687,6
251,6,6,calibration,26,130,25,0.65,True,False,False,interaction,False,False,0.2237275391817093,0.9021391272544861,-0.678411602973938,8.009465423917796,1.8270481781962908,6.1824172457215045,6
252,6,6,calibration,27,135,26,0.675,True,False,False,interaction,False,False,0.13684506714344025,0.3956451416015625,-0.25880008935928345,6.309133625064896,2.4243555526292866,3.8847780724356094,6
253,6,6,calibration,28,140,27,0.7,True,False,False,interaction,False,False,0.1237882599234581,0.4246598780155182,-0.3008716106414795,5.93162501576693,2.086648384888616,3.8449766308783144,7
254,6,6,calibration,29,145,28,0.725,True,False,False,interaction,False,False,0.16925616562366486,0.5653339624404907,-0.39607781171798706,6.06193642531542,1.2591685477558985,4.802767877559522,7
255,6,6,calibration,30,150,29,0.75,True,False,False,interaction,False,False,0.03283877670764923,0.21675686538219452,-0.1839180886745453,6.786209583961543,1.181278532832905,5.604931051128638,7
256,6,6,calibration,31,155,30,0.775,True,False,False,interaction,False,False,0.04309511557221413,0.18312853574752808,-0.14003342390060425,6.706281568303915,0.796311736347345,5.90996983195657,7
257,6,6,calibration,32,160,31,0.8,False,True,False,support,False,True,0.01751439832150936,0.026318125426769257,-0.008803727105259895,5.538625489781239,0.33886688455077146,5.199758605230468,8
258,6,6,calibration,33,165,32,0.825,False,True,False,support,False,False,0.09365862607955933,0.10230696201324463,-0.008648335933685303,5.915174404001589,0.6797289650890036,5.235445438912586,8
259,6,6,calibration,34,170,33,0.85,False,True,False,support,False,False,0.14205028116703033,0.18349850177764893,-0.04144822061061859,8.878444189457994,0.6036925863318577,8.274751603126136,8
260,6,6,calibration,35,175,34,0.875,False,True,False,support,False,False,0.14570552110671997,0.48405370116233826,-0.3383481800556183,11.810775088487645,1.097023486398034,10.713751602089612,8
261,6,6,calibration,36,180,35,0.9,False,True,False,support,False,False,0.03943822905421257,0.11571111530065536,-0.0762728899717331,10.57978578360653,1.2884911078827443,9.291294675723785,9
262,6,6,calibration,37,185,36,0.925,False,True,False,support,False,False,0.040021974593400955,0.1267315000295639,-0.08670952916145325,12.13308455078328,1.5801442941454151,10.552940256637866,9
263,6,6,calibration,38,190,37,0.95,False,True,False,support,False,False,0.08816514164209366,0.24588455259799957,-0.15771940350532532,9.249531163820954,0.9937803367790049,8.255750827041949,9
264,6,6,calibration,39,195,38,0.975,False,True,False,support,False,False,0.012022641487419605,0.11183581501245499,-0.09981317073106766,6.953436403225439,0.689843420507623,6.263592982717816,9
265,6,6,calibration,40,200,39,1.0,False,True,False,support,False,False,0.01051569078117609,0.19952446222305298,-0.18900877237319946,5.919728088952077,0.5842098509321639,5.335518238019913,9
266,7,7,calibration,3,15,2,0.075,False,True,False,support,False,False,0.006523212883621454,0.05896947905421257,-0.052446264773607254,7.0686064537319195,5.7855641311566615,1.283042322575258,0
267,7,7,calibration,4,20,3,0.1,False,True,False,support,False,False,0.010788767598569393,0.13566981256008148,-0.12488104403018951,6.093114124942801,2.2933365136074197,3.799777611335381,1
268,7,7,calibration,5,25,4,0.125,False,True,False,support,False,False,0.005730967968702316,0.08527741581201553,-0.07954645156860352,5.729767823466331,1.285680614432516,4.444087209033816,1
269,7,7,calibration,6,30,5,0.15,True,True,False,interaction,True,False,0.04453333839774132,0.0740993544459343,-0.029566016048192978,9.60813019138682,2.6620323658095733,6.946097825577247,1
270,7,7,calibration,7,35,6,0.175,True,False,False,interaction,False,False,0.08607268333435059,0.2599550485610962,-0.1738823652267456,15.936470463137715,3.6987270607705263,12.237743402367188,1
271,7,7,calibration,8,40,7,0.2,True,False,False,interaction,False,False,0.3295914828777313,1.0568755865097046,-0.7272840738296509,32.97334991133451,3.9022744938959057,29.071075417438603,2
272,7,7,calibration,9,45,8,0.225,True,False,False,interaction,False,False,1.4371331930160522,2.068700075149536,-0.6315668821334839,120.72301840979064,3.8470758518137713,116.87594255797687,2
273,7,7,calibration,10,50,9,0.25,True,False,False,interaction,False,False,0.08510132879018784,0.21342702209949493,-0.1283257007598877,7.602624276852137,3.5842025654228746,4.018421711429262,2
274,7,7,calibration,11,55,10,0.275,True,False,False,interaction,False,False,0.11544523388147354,0.542769193649292,-0.42732396721839905,6.626371197215001,3.1182795294327526,3.508091667782248,2
275,7,7,calibration,12,60,11,0.3,True,False,False,interaction,False,False,0.1007460355758667,0.390744686126709,-0.2899986505508423,7.020048271368097,1.5240183880549028,5.496029883313194,3
276,7,7,calibration,13,65,12,0.325,True,False,False,interaction,False,False,0.06001502275466919,0.34093037247657776,-0.28091534972190857,7.75440589419897,1.6753054250785133,6.079100469120457,3
277,7,7,calibration,14,70,13,0.35,True,False,False,interaction,False,False,0.022101692855358124,0.038640350103378296,-0.016538657248020172,7.263947733145993,1.340840690174107,5.9231070429718855,3
278,7,7,calibration,15,75,14,0.375,False,True,False,support,False,True,0.062392186373472214,0.0627383291721344,-0.00034614279866218567,6.841948158781368,0.8936549979844021,5.948293160796966,3
279,7,7,calibration,16,80,15,0.4,False,True,False,support,False,False,0.2487352341413498,0.5038970708847046,-0.2551618218421936,7.680800813941886,0.9581972728556064,6.722603541086279,4
280,7,7,calibration,17,85,16,0.425,False,True,False,support,False,False,0.15868932008743286,0.3891182839870453,-0.23042896389961243,9.182015829796585,1.8740740457074818,7.307941784089103,4
281,7,7,calibration,18,90,17,0.45,False,True,False,support,False,False,0.010271656326949596,0.002126497682183981,0.008145159110426903,9.967283211856113,0.16009165899357317,9.80719155286254,4
282,7,7,calibration,19,95,18,0.475,False,True,False,support,False,False,0.041011739522218704,0.11446381360292435,-0.07345207035541534,8.810127373771648,1.1325563995680985,7.677570974203549,4
283,7,7,calibration,20,100,19,0.5,False,True,False,support,False,False,0.032043833285570145,0.15059572458267212,-0.11855189502239227,7.209311987558169,0.5828847320171165,6.626427255541053,5
284,7,7,calibration,21,105,20,0.525,False,True,False,support,False,False,0.01120837777853012,0.14136351644992828,-0.13015514612197876,5.476772120143011,0.47513833679856426,5.001633783344446,5
285,7,7,calibration,22,110,21,0.55,False,True,False,support,False,False,0.011026616208255291,0.10111019760370255,-0.09008358418941498,6.261459782270443,0.7213920584633837,5.540067723807059,5
286,7,7,calibration,23,115,22,0.575,True,True,False,interaction,True,False,0.008124176412820816,0.03474422171711922,-0.0266200453042984,6.225876237135523,0.8909403442269092,5.334935892908614,5
287,7,7,calibration,24,120,23,0.6,True,False,False,interaction,False,False,0.07608561962842941,0.17757846415042877,-0.10149284452199936,6.9326181679851855,0.9972683172659647,5.935349850719221,6
288,7,7,calibration,25,125,24,0.625,True,False,False,interaction,False,False,0.20463663339614868,0.7264809012413025,-0.5218442678451538,8.706116235261602,2.818853562486931,5.887262672774671,6
289,7,7,calibration,26,130,25,0.65,True,False,False,interaction,False,False,0.35670337080955505,1.1924359798431396,-0.8357325792312622,28.82738042833452,3.566162198356082,25.26121822997844,6
290,7,7,calibration,27,135,26,0.675,True,False,False,interaction,False,False,0.02748352847993374,0.0672232136130333,-0.03973968327045441,17.57218647470312,3.423291654296946,14.148894820406174,6
291,7,7,calibration,28,140,27,0.7,True,False,False,interaction,False,False,0.7725682854652405,1.2431491613388062,-0.4705808758735657,14.75318042231135,2.736108682811827,12.017071739499524,7
292,7,7,calibration,29,145,28,0.725,True,False,False,interaction,False,False,0.1140715703368187,0.5153231620788574,-0.40125158429145813,4.9527929861063305,1.9928289089855127,2.9599640771208175,7
293,7,7,calibration,30,150,29,0.75,True,False,False,interaction,False,False,0.03533332794904709,0.20204217731952667,-0.16670885682106018,6.23117189382063,1.2938161711375027,4.937355722683127,7
294,7,7,calibration,31,155,30,0.775,True,False,False,interaction,False,False,0.03852858021855354,0.10319288820028305,-0.06466430425643921,6.697581226500591,1.2401096681119004,5.457471558388691,7
295,7,7,calibration,32,160,31,0.8,False,True,False,support,False,True,0.05298207327723503,0.07653702050447464,-0.02355494722723961,7.249289975412684,1.1731305945391368,6.0761593808735475,8
296,7,7,calibration,33,165,32,0.825,False,True,False,support,False,False,0.19719941914081573,0.3225613832473755,-0.12536196410655975,6.534807483336408,1.0288153430498481,5.50599214028656,8
297,7,7,calibration,34,170,33,0.85,False,True,False,support,False,False,0.1157633438706398,0.17497074604034424,-0.05920740216970444,7.232759108538847,0.8581658614751554,6.374593247063691,8
298,7,7,calibration,35,175,34,0.875,False,True,False,support,False,False,0.059781432151794434,0.08530575037002563,-0.0255243182182312,5.959103269152034,1.6354477286844287,4.323655540467605,8
299,7,7,calibration,36,180,35,0.9,False,True,False,support,False,False,0.04864150285720825,0.06366761028766632,-0.015026107430458069,6.7162593794679,1.4947628675796498,5.22149651188825,9
300,7,7,calibration,37,185,36,0.925,False,True,False,support,False,False,0.02632877789437771,0.05204293504357338,-0.02571415714919567,5.824631618531886,0.6822819947567341,5.142349623775152,9
301,7,7,calibration,38,190,37,0.95,False,True,False,support,False,False,0.010438566096127033,0.1573246270418167,-0.14688606560230255,5.617680005833695,0.7831926862434854,4.83448731959021,9
302,7,7,calibration,39,195,38,0.975,False,True,False,support,False,False,0.03152918815612793,0.22944937646389008,-0.19792018830776215,6.913205510904464,1.4405158827963918,5.472689628108072,9
303,7,7,calibration,40,200,39,1.0,True,True,False,interaction,True,False,0.03852078691124916,0.10961388796567917,-0.07109309732913971,7.745674589587206,2.032383408167737,5.713291181419469,9
304,8,8,calibration,3,15,2,0.075,False,True,False,support,False,False,0.013282324187457561,0.0728430524468422,-0.05956072732806206,10.533518250471019,3.135604611986763,7.3979136384842565,0
305,8,8,calibration,4,20,3,0.1,False,True,False,support,False,False,0.015930986031889915,0.13161079585552216,-0.11567980796098709,8.559312917458525,1.7580654845188073,6.801247432939718,1
306,8,8,calibration,5,25,4,0.125,False,True,False,support,False,False,0.021008580923080444,0.1396578699350357,-0.11864928901195526,7.912402945307124,1.584476545889814,6.3279263994173105,1
307,8,8,calibration,6,30,5,0.15,True,True,False,interaction,True,False,0.0077233766205608845,0.044000428169965744,-0.03627705201506615,6.468967693282636,1.1489210859971735,5.320046607285462,1
308,8,8,calibration,7,35,6,0.175,True,False,False,interaction,False,False,0.061388272792100906,0.17725996673107147,-0.11587169766426086,10.834764159917027,1.9354195433809673,8.899344616536059,1
309,8,8,calibration,8,40,7,0.2,True,False,False,interaction,False,False,0.17027811706066132,0.3622869551181793,-0.192008838057518,9.159153965494268,2.319355786897367,6.839798178596901,2
310,8,8,calibration,9,45,8,0.225,True,False,False,interaction,False,False,0.3305361270904541,0.7747181057929993,-0.44418197870254517,6.817294024996738,3.004908564495086,3.8123854605016523,2
311,8,8,calibration,10,50,9,0.25,True,False,False,interaction,False,False,0.8221115469932556,1.5296863317489624,-0.7075747847557068,7.619023242835671,3.1623225885198765,4.456700654315794,2
312,8,8,calibration,11,55,10,0.275,True,False,False,interaction,False,False,1.3872522115707397,1.9036985635757446,-0.5164463520050049,10.53345778661299,3.041982363034282,7.4914754235787075,2
313,8,8,calibration,12,60,11,0.3,True,False,False,interaction,False,False,0.2309350222349167,0.5965343117713928,-0.36559927463531494,7.110267515823886,2.6650961503082296,4.445171365515657,3
314,8,8,calibration,13,65,12,0.325,True,False,False,interaction,False,False,0.15732206404209137,0.3206743896007538,-0.16335232555866241,7.873460107160594,1.8409427659856294,6.032517341174964,3
315,8,8,calibration,14,70,13,0.35,True,True,False,interaction,False,True,0.016939906403422356,0.024533338844776154,-0.007593432441353798,5.674316387725104,0.9815458665418365,4.6927705211832675,3
316,8,8,calibration,15,75,14,0.375,False,True,False,support,False,False,0.07129248976707458,0.055187735706567764,0.01610475406050682,5.280628045749318,1.0874878941131607,4.1931401516361575,3
317,8,8,calibration,16,80,15,0.4,False,True,False,support,False,False,0.28136762976646423,0.34859800338745117,-0.06723037362098694,5.243787474109081,1.356770183275297,3.887017290833784,4
318,8,8,calibration,17,85,16,0.425,False,True,False,support,False,False,0.1527639478445053,0.2777353823184967,-0.1249714344739914,6.579359655848421,1.606853860393523,4.972505795454898,4
319,8,8,calibration,18,90,17,0.45,False,True,False,support,False,False,0.022304942831397057,0.02566641755402088,-0.003361474722623825,6.721243785577859,0.719863881089014,6.001379904488845,4
320,8,8,calibration,19,95,18,0.475,False,True,False,support,False,False,0.08041460812091827,0.11442702263593674,-0.03401241451501846,8.065670276815325,1.7398876303781587,6.325782646437166,4
321,8,8,calibration,20,100,19,0.5,False,True,False,support,False,False,0.026071414351463318,0.11516857892274857,-0.08909716457128525,5.6369619494031395,1.0747214390507194,4.56224051035242,5
322,8,8,calibration,21,105,20,0.525,False,True,False,support,False,False,0.012187164276838303,0.17177855968475342,-0.15959139168262482,5.473934210664349,1.0852972087788004,4.388637001885549,5
323,8,8,calibration,22,110,21,0.55,False,True,False,support,False,False,0.009926754049956799,0.12820853292942047,-0.1182817816734314,6.04928571555308,0.8844035403374991,5.164882175215581,5
324,8,8,calibration,23,115,22,0.575,True,True,False,interaction,True,False,0.0056831869296729565,0.03684787452220917,-0.031164687126874924,5.011365623778029,0.45993856573626557,4.551427058041764,5
325,8,8,calibration,24,120,23,0.6,True,True,False,interaction,False,False,0.015617713332176208,0.06512604653835297,-0.04950833320617676,4.695893720840647,0.5733914077115156,4.1225023131291305,6
326,8,8,calibration,25,125,24,0.625,True,False,False,interaction,False,False,0.10110807418823242,0.30759310722351074,-0.20648503303527832,5.192327220588184,1.4570144613231522,3.7353127592650317,6
327,8,8,calibration,26,130,25,0.65,True,False,False,interaction,False,False,0.47395023703575134,1.198012351989746,-0.7240620851516724,11.114105211016104,2.6211659539701753,8.49293925704593,6
328,8,8,calibration,27,135,26,0.675,True,False,False,interaction,False,False,0.10508821159601212,0.3603098690509796,-0.2552216649055481,7.314468809979889,3.3344362658423883,3.980032544137501,6
329,8,8,calibration,28,140,27,0.7,True,False,False,interaction,False,False,0.5695013403892517,1.243179440498352,-0.6736781001091003,8.62504936753575,2.619561066332596,6.005488301203155,7
330,8,8,calibration,29,145,28,0.725,True,False,False,interaction,False,False,0.095146544277668,0.31487759947776794,-0.21973106265068054,5.6944383575913,1.1569373245067662,4.537501033084533,7
331,8,8,calibration,30,150,29,0.75,True,False,False,interaction,False,False,0.04693339765071869,0.1399962604045868,-0.0930628627538681,6.354877268480169,0.7989698394478091,5.555907429032359,7
332,8,8,calibration,31,155,30,0.775,True,False,False,interaction,False,False,0.09690841287374496,0.1637396365404129,-0.06683122366666794,6.101669168879089,1.3842305411673552,4.717438627711734,7
333,8,8,calibration,32,160,31,0.8,False,True,False,support,False,True,0.03764398768544197,0.03459492698311806,0.0030490607023239136,6.428706471348598,0.5968384365686685,5.83186803477993,8
334,8,8,calibration,33,165,32,0.825,False,True,False,support,False,False,0.12798921763896942,0.21105211973190308,-0.08306290209293365,5.055692912365666,0.7412721268234549,4.314420785542211,8
335,8,8,calibration,34,170,33,0.85,False,True,False,support,False,False,0.18523842096328735,0.1809103935956955,0.004328027367591858,4.208285324945904,0.5881902281968179,3.620095096749086,8
336,8,8,calibration,35,175,34,0.875,False,True,False,support,False,False,0.10525468736886978,0.2786789834499359,-0.17342430353164673,7.640010315054739,1.574988881834803,6.065021433219936,8
337,8,8,calibration,36,180,35,0.9,False,True,False,support,False,False,0.01738831400871277,0.002191489562392235,0.015196824446320534,7.673585829106045,0.15694554862731872,7.516640280478726,9
338,8,8,calibration,37,185,36,0.925,False,True,False,support,False,False,0.06023172661662102,0.1346546709537506,-0.0744229406118393,7.827921756842817,1.606366891547313,6.221554865295504,9
339,8,8,calibration,38,190,37,0.95,False,True,False,support,False,False,0.016903189942240715,0.12846241891384125,-0.11155922710895538,5.120448568700702,1.1630616877182407,3.9573868809824617,9
340,8,8,calibration,39,195,38,0.975,False,True,False,support,False,False,0.010439443401992321,0.15842123329639435,-0.14798179268836975,5.832552578794666,1.0141108574470226,4.818441721347644,9
341,8,8,calibration,40,200,39,1.0,False,True,False,support,False,False,0.005560252815485001,0.1721978634595871,-0.1666376143693924,6.085653693791035,1.18606360516544,4.899590088625595,9
342,9,9,calibration,3,15,2,0.075,False,True,False,support,False,False,0.01914624497294426,0.07346907258033752,-0.054322827607393265,7.761612874717044,3.360071118722271,4.4015417559947725,0
343,9,9,calibration,4,20,3,0.1,False,True,False,support,False,False,0.019753506407141685,0.14426761865615845,-0.12451411038637161,8.42220574619307,1.8308764973075407,6.591329248885529,1
344,9,9,calibration,5,25,4,0.125,False,True,False,support,False,False,0.00860962551087141,0.11731337755918503,-0.10870375484228134,8.999363663506273,1.299723189094731,7.699640474411542,1
345,9,9,calibration,6,30,5,0.15,True,True,False,interaction,True,False,0.03061950020492077,0.12341219186782837,-0.09279268980026245,9.864819994662827,2.423273983391065,7.441546011271763,1
346,9,9,calibration,7,35,6,0.175,True,False,False,interaction,False,False,0.13094592094421387,0.3272008001804352,-0.1962548792362213,14.81214606150455,3.2297158841745053,11.582430177330044,1
347,9,9,calibration,8,40,7,0.2,True,False,False,interaction,False,False,0.33255329728126526,0.9406893849372864,-0.6081360578536987,13.908070461269212,3.391069524541631,10.51700093672758,2
348,9,9,calibration,9,45,8,0.225,True,False,False,interaction,False,False,0.4201551377773285,1.238724708557129,-0.818569540977478,6.656709389799192,3.579464859037927,3.077244530761265,2
349,9,9,calibration,10,50,9,0.25,True,False,False,interaction,False,False,0.19506125152111053,0.31252408027648926,-0.11746282875537872,7.620108234226873,2.873237027716596,4.746871206510276,2
350,9,9,calibration,11,55,10,0.275,True,False,False,interaction,False,False,0.19979314506053925,0.9257020950317383,-0.7259089350700378,5.518291590596257,2.1699069211116218,3.348384669484635,2
351,9,9,calibration,12,60,11,0.3,True,False,False,interaction,False,False,0.095847487449646,0.42969512939453125,-0.33384764194488525,10.390211764601851,1.487573977454848,8.902637787147004,3
352,9,9,calibration,13,65,12,0.325,True,False,False,interaction,False,False,0.09319496899843216,0.2682766318321228,-0.17508167028427124,9.733623338974693,0.8670837243874215,8.866539614587271,3
353,9,9,calibration,14,70,13,0.35,True,True,False,interaction,True,True,0.011193457990884781,0.03158682584762573,-0.02039336785674095,8.874192059910607,0.5363770925051198,8.337814967405487,3
354,9,9,calibration,15,75,14,0.375,True,True,False,interaction,False,True,0.04907112196087837,0.06803259253501892,-0.01896147057414055,10.147935159425083,1.2740112147369829,8.8739239446881,3
355,9,9,calibration,16,80,15,0.4,False,True,False,support,False,False,0.24298208951950073,0.43290233612060547,-0.18992024660110474,8.723894703627366,0.9836034823223675,7.740291221304998,4
356,9,9,calibration,17,85,16,0.425,False,True,False,support,False,False,0.12076172977685928,0.2886195480823517,-0.167857825756073,7.26887548435078,1.110058254707962,6.1588172296428185,4
357,9,9,calibration,18,90,17,0.45,False,True,False,support,False,False,0.012865420430898666,0.019151069223880768,-0.0062856487929821014,6.909711839138583,0.28329265280362154,6.626419186334962,4
358,9,9,calibration,19,95,18,0.475,False,True,False,support,False,False,0.028799347579479218,0.12225165963172913,-0.09345231205224991,6.472138604220279,0.9801742587180621,5.491964345502217,4
359,9,9,calibration,20,100,19,0.5,False,True,False,support,False,False,0.01705159805715084,0.09059365838766098,-0.07354205846786499,5.973033728035028,0.5058184328282497,5.4672152952067785,5
360,9,9,calibration,21,105,20,0.525,False,True,False,support,False,False,0.012465137988328934,0.21064035594463348,-0.19817522168159485,7.176148267685164,0.6561611918720174,6.519987075813146,5
361,9,9,calibration,22,110,21,0.55,False,True,False,support,False,False,0.01792440190911293,0.13181182742118835,-0.11388742923736572,9.649638985800989,0.7530961755321054,8.896542810268883,5
362,9,9,calibration,23,115,22,0.575,True,True,False,interaction,True,False,0.0027251269202679396,0.012784373946487904,-0.01005924679338932,9.710268968691146,0.4930140457786272,9.217254922912518,5
363,9,9,calibration,24,120,23,0.6,True,True,False,interaction,False,False,0.04183751344680786,0.15183424949645996,-0.1099967360496521,10.188507391271559,1.2230827514468585,8.9654246398247,6
364,9,9,calibration,25,125,24,0.625,True,False,False,interaction,False,False,0.10524916648864746,0.2805629074573517,-0.17531374096870422,8.76820477031984,1.2488685211011095,7.519336249218731,6
365,9,9,calibration,26,130,25,0.65,True,False,False,interaction,False,False,0.21094441413879395,0.5783801674842834,-0.3674357533454895,8.280406285549342,1.8125280744916532,6.4678782110576885,6
366,9,9,calibration,27,135,26,0.675,True,False,False,interaction,False,False,0.19424505531787872,0.46029698848724365,-0.2660519480705261,5.331501241221663,2.5138624852023006,2.8176387560193628,6
367,9,9,calibration,28,140,27,0.7,True,False,False,interaction,False,False,0.21481239795684814,0.7091794610023499,-0.4943670630455017,5.104883504832867,2.3322632779956654,2.7726202268372018,7
368,9,9,calibration,29,145,28,0.725,True,False,False,interaction,False,False,0.1364569514989853,0.37134382128715515,-0.23488686978816986,9.49306239253666,1.5563968074626475,7.936665585074012,7
369,9,9,calibration,30,150,29,0.75,True,False,False,interaction,False,False,0.053018152713775635,0.2304714322090149,-0.17745327949523926,10.7236546608804,0.9162285898535356,9.807426071026866,7
370,9,9,calibration,31,155,30,0.775,True,False,False,interaction,False,False,0.03246317058801651,0.167494997382164,-0.1350318193435669,9.020313006765209,0.7793161800613868,8.240996826703821,7
371,9,9,calibration,32,160,31,0.8,True,True,False,interaction,False,True,0.018340447917580605,0.020446214824914932,-0.0021057669073343277,9.451595533304461,0.3645942006222154,9.087001332682245,8
372,9,9,calibration,33,165,32,0.825,False,True,False,support,False,False,0.17042027413845062,0.30107763409614563,-0.130657359957695,9.25174795341396,0.8820788587209133,8.369669094693046,8
373,9,9,calibration,34,170,33,0.85,False,True,False,support,False,False,0.09591979533433914,0.20978955924510956,-0.11386976391077042,6.656197086540645,0.6590553097858365,5.997141776754808,8
374,9,9,calibration,35,175,34,0.875,False,True,False,support,False,False,0.05643931403756142,0.2543804943561554,-0.19794118404388428,8.299712883055694,1.7996659608410825,6.5000469222146116,8
375,9,9,calibration,36,180,35,0.9,False,True,False,support,False,False,0.014201696030795574,0.021001463755965233,-0.006799767725169659,6.657866531207485,0.6679710434420235,5.9898954877654615,9
376,9,9,calibration,37,185,36,0.925,False,True,False,support,False,False,0.06907597184181213,0.16152922809123993,-0.0924532562494278,5.747415974307675,0.8930753874398202,4.854340586867854,9
377,9,9,calibration,38,190,37,0.95,False,True,False,support,False,False,0.009450502693653107,0.10029347985982895,-0.09084297716617584,5.785079787421782,0.9972787523552281,4.787801035066553,9
378,9,9,calibration,39,195,38,0.975,False,True,False,support,False,False,0.02361942268908024,0.3035496473312378,-0.2799302339553833,8.0565697278335,1.0547332886292065,7.001836439204293,9
379,9,9,calibration,40,200,39,1.0,False,True,False,support,False,False,0.006701345089823008,0.0934838354587555,-0.08678249269723892,9.559820847174139,0.5314230677059685,9.02839777946817,9
