episode_id,model_step,raw_step,transition_block,mse,n_contacts,original_event,block_speed,state_delta,pusher_block_distance_raw,pusher_block_distance,event_original,event_block_velocity_onset,event_large_state_change,event_proximity_threshold
0,3,15,2,0.0588069111108779,0.0,False,0.0,81.58342613369136,131.5903052733181,0.25701231498694943,False,False,False,False
0,4,20,3,0.1372128129005432,0.0,False,0.9226196195639488,79.3234610890385,104.74186812779892,0.20457396118710727,False,True,False,False
0,5,25,4,0.2339023202657699,0.0,False,5.0215758388042895,75.72352712336377,107.02407090718982,0.20903138849060512,False,False,False,False
0,6,30,5,0.2548456490039825,0.0,False,0.5140546996675617,77.99361097007927,130.62195026068693,0.25512099660290416,False,False,False,False
0,7,35,6,0.0393406338989734,0.0,False,0.559195986840628,203.93527334715904,138.1956593397441,0.2699133971479377,False,False,False,False
0,8,40,7,0.0950198993086814,0.0,False,0.0,89.24401283892327,135.58738723511397,0.26481911569358196,False,False,False,False
0,9,45,8,0.044648990035057,0.0,False,0.0,121.54147745061786,109.31865924412426,0.2135130063361802,False,False,False,False
0,10,50,9,0.0688605830073356,0.0,False,2.704011655933677,37.15179957167041,98.72025576415224,0.19281299953935985,False,False,False,False
0,11,55,10,0.1211775541305542,0.0,False,6.7427713765294595,62.02541720299734,95.92821785851756,0.1873598005049171,False,False,False,False
0,12,60,11,0.0345121286809444,0.0,False,2.03530210872218,98.82308431843751,117.40095142603231,0.22929873325396935,False,False,False,False
0,13,65,12,0.5023959279060364,0.0,False,0.058254397693511005,270.91095288798925,144.88941894688497,0.2829871463806347,False,False,True,False
0,14,70,13,0.2952152192592621,0.0,False,0.0,251.8990479138936,89.08382388650773,0.1739918435283354,False,False,True,False
0,15,75,14,0.4809652864933014,1.0,True,23.192986512128353,109.27505581753466,53.82245909550437,0.10512199042090697,True,False,False,False
0,16,80,15,0.151319533586502,1.0,True,10.695762192308882,260.63052513952,89.35942378089202,0.17453012457205472,True,False,True,False
0,17,85,16,0.3284120857715606,0.0,False,0.0,227.44561338280727,149.13413978469788,0.29127761676698805,False,False,True,False
0,18,90,17,0.1827377080917358,0.0,False,0.0,172.7844827182973,145.71933419901734,0.28460807460745574,False,False,False,False
0,19,95,18,0.1253388971090316,0.0,False,15.018647713253408,60.887483587190566,134.72982043305913,0.2631441805333186,False,False,False,False
0,20,100,19,0.6377933621406555,0.0,False,38.461998820710896,58.40067946745887,134.7977878331217,0.2632769293615658,False,False,False,False
0,21,105,20,0.5521054267883301,0.0,False,25.98896437576398,56.26816440838786,134.77797585862078,0.2632382340988687,False,False,False,False
1,3,15,2,0.0200671683996915,0.0,False,0.0,75.67280878678689,91.3328057111206,0.17838438615453242,False,False,False,False
1,4,20,3,0.033859983086586,1.0,True,0.0,78.05192020208938,51.79739592343819,0.10116678891296521,True,False,False,False
1,5,25,4,0.0501097850501537,1.0,True,0.0,70.86830598171831,64.49142569884658,0.12595981581805973,True,False,False,False
1,6,30,5,0.0408652536571025,1.0,True,0.0,97.53977811180286,93.25219245914487,0.18213318839676731,True,False,False,False
1,7,35,6,0.0137722855433821,0.0,False,0.0,121.29891308835961,85.32287124132546,0.16664623289321379,False,False,False,False
1,8,40,7,0.0521929152309894,0.0,False,24.699095685228603,65.88448684511252,77.55218829697102,0.15146911776752153,False,True,False,False
1,9,45,8,0.1490502804517746,0.0,False,50.75441719469187,75.1097395847242,77.66247569310933,0.15168452283810416,False,False,False,False
1,10,50,9,0.1806638687849044,0.0,False,42.6597991775619,76.58922320591654,77.34243310815103,0.15105943966435748,False,False,False,False
1,11,55,10,0.1814039498567581,0.0,False,30.722730572074653,54.804901362922145,76.77648420915934,0.14995407072101433,False,False,False,False
1,12,60,11,0.0819054767489433,0.0,False,18.21954077903457,28.924714817770266,76.83790051534938,0.15007402444404175,False,False,False,False
1,13,65,12,0.0074104834347963,0.0,False,7.076881659699182,25.82024260640566,76.9422422283854,0.15027781685231523,False,False,False,False
1,14,70,13,0.0650275722146034,0.0,False,2.3740699862361754,210.02629106869972,106.28886122916255,0.2075954320882081,False,False,False,False
1,15,75,14,0.0353165231645107,0.0,False,0.0,210.69170587697502,124.09245587847761,0.24236807788765158,False,False,False,False
1,16,80,15,0.0772411748766899,0.0,False,0.0,41.61698778173006,112.52916545064896,0.21978352627079875,False,False,False,False
1,17,85,16,0.0140706850215792,0.0,False,0.04105230235567528,18.208253161291612,113.53356528314227,0.22174524469363724,False,False,False,False
1,18,90,17,0.0437456518411636,0.0,False,0.2177066941257569,20.68064771117731,114.38082277285179,0.22340004447822615,False,False,False,False
1,19,95,18,0.0292340423911809,0.0,False,0.03920352334819425,20.430381270650255,115.71056828056574,0.22599720367297996,False,False,False,False
1,20,100,19,0.0526595301926136,0.0,False,0.0029542607666496372,189.45459997875173,132.92216628115574,0.2596136060178823,False,False,False,False
1,21,105,20,0.1491581350564956,0.0,False,0.0,177.57317574144787,134.5144077222077,0.2627234525824369,False,False,False,False
1,22,110,21,0.080274187028408,0.0,False,0.0,209.17768013550298,116.0905076046044,0.22673927266524296,False,False,False,False
1,23,115,22,0.0897866562008857,1.0,True,0.0,218.1051433400127,64.64672246427877,0.12626312981304447,True,False,False,False
1,24,120,23,0.2790276706218719,1.0,True,0.0,95.30875240707071,23.223140407757672,0.0453576961089017,True,False,False,True
1,25,125,24,0.21625916659832,1.0,True,20.045599286916648,43.63229450729532,14.86425567906787,0.029031749373179434,True,False,False,False
1,26,130,25,0.7161139845848083,1.0,True,37.13929607284399,54.971740421095504,14.79581788387128,0.028898081804436093,True,False,False,False
2,3,15,2,0.114662081003189,1.0,True,0.0,110.15355499438047,84.34813966107095,0.1647424602755292,True,False,False,False
2,4,20,3,0.1188696026802063,1.0,True,0.0,173.1393300921602,55.736941662409045,0.10886121418439267,True,False,False,False
2,5,25,4,0.0625429823994636,1.0,True,0.0,111.19875245176533,64.61576806997827,0.12620267201167631,True,False,False,False
2,6,30,5,0.0657816231250763,1.0,True,15.317678629178989,126.43144055708947,51.087961857992575,0.09978117550389175,True,True,False,False
2,7,35,6,0.0824920013546943,1.0,True,38.61075371539978,75.59098993962692,25.201622284437505,0.049221918524292,True,False,False,True
2,8,40,7,0.0778709128499031,1.0,True,20.231507394896056,53.11478714387718,40.21848512936954,0.07855172876829988,True,False,False,False
2,9,45,8,0.0630296841263771,1.0,True,20.807186366318284,63.4263364136838,49.62431937316865,0.09692249877572003,True,False,False,False
2,10,50,9,0.036816943436861,1.0,True,17.781378980893273,40.577531395918854,48.825256358948415,0.09536182882607112,True,False,False,False
2,11,55,10,0.0179430115967988,1.0,True,17.206310374242015,64.16469380405461,33.94619131208615,0.06630115490641826,True,False,False,False
2,12,60,11,0.0267855580896139,1.0,True,3.4392487435700887,121.75020318936414,53.517970054655976,0.10452728526299995,True,False,False,False
2,13,65,12,0.0397326573729515,1.0,True,0.44971108719511604,76.47803691192952,74.21406587576872,0.1449493474136108,True,False,False,False
2,14,70,13,0.0133241489529609,1.0,True,9.368211922453229,73.77911964365008,75.40075606606631,0.14726710169153576,True,False,False,False
2,15,75,14,0.0882999524474144,0.0,False,32.00244220149514,46.29449273434076,80.13254529251888,0.15650887752445095,False,False,False,False
2,16,80,15,0.1179671660065651,0.0,False,23.11648112259986,43.55522909052733,73.22889348114396,0.1430251825803593,False,False,False,False
2,17,85,16,0.0503003858029842,1.0,True,3.414627148120515,73.57219228314129,58.3935147236999,0.11404983344472637,True,False,False,False
2,18,90,17,0.2182387113571167,1.0,True,22.79558983064301,62.29978103953049,72.16032174631229,0.1409381284107662,True,False,False,False
2,19,95,18,0.056558895856142,1.0,True,14.31674764874694,33.807657007315754,67.784516388896,0.1323916335720625,True,False,False,False
2,20,100,19,0.1300169080495834,1.0,True,16.762344311479243,39.682069554459325,68.03630184829407,0.13288340204744936,True,False,False,False
2,21,105,20,0.2101331204175949,1.0,True,12.505294258777106,26.15653054156405,72.2841708904179,0.14118002127034746,True,False,False,False
2,22,110,21,0.2232235074043274,1.0,True,8.332272262226718,42.63742376227529,84.10668252872323,0.16427086431391255,True,False,False,False
2,23,115,22,0.4368654191493988,1.0,True,0.0,242.56289820022477,114.69836771875332,0.22402024945069007,True,False,True,False
2,24,120,23,0.2379270792007446,1.0,True,0.0,201.07998842381878,73.53280622607296,0.14361876216029876,True,False,False,False
2,25,125,24,0.1863700896501541,1.0,True,0.0,152.43669362906442,33.89628376165389,0.06620367922198026,True,False,False,False
2,26,130,25,0.3115838766098022,1.0,True,11.781467461241075,54.35220645701172,15.687443716639974,0.03063953850906245,True,False,False,False
2,27,135,26,0.0787038430571556,1.0,True,13.197301142510549,43.33922067669829,15.794253070199844,0.03084815052773407,True,False,False,False
2,28,140,27,0.2243194580078125,1.0,True,0.5521200054662642,159.93553055133472,58.74226168083891,0.11473097984538849,True,False,False,False
2,29,145,28,0.1021806225180625,1.0,True,0.0,146.87164042500467,100.48331189800062,0.19625646855078246,True,False,False,False
2,30,150,29,0.013278242200613,0.0,False,0.0,126.50412326295961,102.70689849165782,0.2005994111165192,False,False,False,False
2,31,155,30,0.0139959035441279,0.0,False,0.0,25.156003102554173,89.50751406605642,0.17481936341026644,False,False,False,False
3,3,15,2,0.0408307313919067,0.0,False,0.0,111.51268227310202,123.29980605080677,0.24081993369298196,False,False,False,False
3,4,20,3,0.0471051633358001,0.0,False,0.0,83.08813584515599,85.6351417878771,0.16725613630444747,False,False,False,False
3,5,25,4,0.0221069753170013,1.0,True,0.3270035565242843,92.17552365116994,54.87688994346527,0.10718142567083061,True,True,False,False
3,6,30,5,0.231547549366951,1.0,True,23.467883263018805,93.0584253870557,53.54954454159324,0.1045889541827993,True,False,False,False
3,7,35,6,0.1355655342340469,1.0,True,23.918890399307777,87.50971114839183,58.62028793177506,0.11449274986674816,True,False,False,False
3,8,40,7,0.0707445070147514,1.0,True,18.978982234136613,48.82304285075816,48.14706642120132,0.09403723910390883,True,False,False,False
3,9,45,8,0.1606025099754333,1.0,True,0.17500650021814704,170.19196074819803,116.73460650921004,0.22799727833830086,True,False,False,False
3,10,50,9,0.0555975027382373,0.0,False,0.0,206.6695742753417,135.75099595891143,0.2651386639822489,False,False,False,False
3,11,55,10,0.0964375510811805,0.0,False,0.0,117.80562354660314,131.0086056826657,0.2558761829739564,False,False,False,False
3,12,60,11,0.0917573571205139,0.0,False,0.0,77.2866825699641,124.08359697861076,0.24235077534884913,False,False,False,False
3,13,65,12,0.0350486971437931,0.0,False,0.5176454977055301,59.103315993535766,121.41360007947372,0.23713593765522212,False,False,False,False
3,14,70,13,0.1455257683992386,0.0,False,1.1522742189831363,42.27526207372352,122.97462489096974,0.24018481424017527,False,False,False,False
3,15,75,14,0.1374920606613159,0.0,False,1.1912402616821878,51.80634698685065,122.95152729301701,0.24013970174417384,False,False,False,False
3,16,80,15,0.0531479604542255,0.0,False,0.01916217782596722,59.32251387068708,153.59543478652995,0.2999910835674413,False,False,False,False
3,17,85,16,0.0107268178835511,0.0,False,0.0,102.40878572974424,158.03207270823108,0.30865639200826384,False,False,False,False
3,18,90,17,0.1747923642396927,0.0,False,12.186261902418144,57.81921300576255,134.5867312965808,0.2628647095636344,False,False,False,False
3,19,95,18,0.3809608221054077,0.0,False,32.76387427618909,49.994634095269944,134.94527904292838,0.2635649981307195,False,False,False,False
3,20,100,19,0.4803933203220367,0.0,False,36.492679091158294,55.102475669277766,134.88071452000904,0.26343889554689265,False,False,False,False
3,21,105,20,0.1968016177415847,0.0,False,13.783156359472802,162.2082624425196,141.30357150708332,0.2759835380997721,False,False,False,False
3,22,110,21,0.2565584778785705,0.0,False,0.0,213.87270424629207,113.80536506297051,0.22227610363861428,False,False,False,False
3,23,115,22,0.232998177409172,0.0,False,0.0,111.41980614248918,71.11706220531649,0.13890051211975876,False,False,False,False
3,24,120,23,0.1101728677749633,1.0,True,7.134924648289532,87.67529689640328,61.943361693565194,0.12098312830774452,True,False,False,False
4,3,15,2,0.132799431681633,0.0,False,0.0,177.2721811032973,110.3170763735284,0.21546303979204764,False,False,False,False
4,4,20,3,0.0234227310866117,0.0,False,0.0,299.6271615797999,132.63014293096816,0.2590432479120472,False,False,True,False
4,5,25,4,0.1457422375679016,0.0,False,0.0,131.52359791037145,119.16785580237524,0.23274971836401415,False,False,False,False
4,6,30,5,0.0270004626363515,0.0,False,0.0,120.71121278491123,124.948544990469,0.24404012693450977,False,False,False,False
4,7,35,6,0.1265333890914917,0.0,False,0.7169738682240933,93.37200971648278,116.09462181644552,0.22674730823524517,False,True,False,False
4,8,40,7,0.4604769647121429,0.0,False,3.396134816592329,102.14866183063641,109.36262659830271,0.21359888007480998,False,False,False,False
4,9,45,8,0.1078652739524841,0.0,False,2.5495847189295375,109.07082595330256,102.01457572161506,0.19924721820627941,False,False,False,False
4,10,50,9,0.1615554839372635,1.0,True,15.021426101709674,51.217199710132604,60.26733645073501,0.11770964150534181,True,False,False,False
4,11,55,10,0.1180792152881622,1.0,True,39.92516097223631,106.21662344708093,53.805198302561166,0.10508827793468978,True,False,False,False
4,12,60,11,0.1767465323209762,1.0,True,4.109042085281663,157.28354922929972,116.00577182017537,0.22657377308628002,True,False,False,False
4,13,65,12,0.3502711057662964,0.0,False,6.9780504900165585,273.3862708746081,135.17865954045106,0.2640208194149435,False,False,True,False
4,14,70,13,0.4913171231746673,0.0,False,4.532628982661086,228.26442201724433,109.95484486893073,0.21475555638463034,False,False,True,False
4,15,75,14,0.1798238307237625,0.0,False,0.0,145.387142654872,95.09793070689695,0.1857381459119081,False,False,False,False
4,16,80,15,0.0565958619117736,0.0,False,0.0,198.79245707434384,91.48371224750203,0.1786791254834024,False,False,False,False
4,17,85,16,0.0182894580066204,0.0,False,0.0,55.14564242672173,104.09344274155727,0.20330750535460404,False,False,False,False
4,18,90,17,0.0241268780082464,0.0,False,0.0,83.6493707610043,100.88530836924419,0.19704161790868005,False,False,False,False
4,19,95,18,0.0135746439918875,0.0,False,0.0,202.68998467209585,122.80017135490627,0.2398440846775513,False,False,False,False
4,20,100,19,0.0102569563314318,0.0,False,0.0,317.4183766812858,125.98913674436591,0.24607253270383966,False,False,True,False
4,21,105,20,0.0085397204384207,0.0,False,0.0,112.39225430058097,116.6209155221493,0.22777522562919786,False,False,False,False
4,22,110,21,0.0139780016615986,0.0,False,0.0,102.81838667036419,121.06173918067928,0.23644870933726422,False,False,False,False
4,23,115,22,0.0049396590329706,0.0,False,0.0,69.30072268172435,113.42332949720164,0.22152994042422194,False,False,False,False
4,24,120,23,0.0102565269917249,0.0,False,0.0,131.72724959022761,112.1629457479646,0.21906825341399336,False,False,False,False
4,25,125,24,0.006056394893676,0.0,False,0.0,95.21256492343929,120.61438690356047,0.23557497442101655,False,False,False,False
4,26,130,25,0.0067533552646636,0.0,False,0.0,70.43459319986762,138.8143728435677,0.27112182196009316,False,False,False,False
4,27,135,26,0.0109060918912291,0.0,False,0.0,233.44942975103694,110.65278639190436,0.2161187234216882,False,False,True,False
4,28,140,27,0.0328179858624935,0.0,False,0.0,377.89881375183967,166.818358896622,0.3258171072199648,False,False,True,False
4,29,145,28,0.0130101358518004,0.0,False,0.0,125.01364755465153,209.5946987856617,0.4093646460657455,False,False,False,False
4,30,150,29,0.0087715499103069,0.0,False,0.0,72.37123097464776,205.9744105543058,0.4022937706138785,False,False,False,False
4,31,155,30,0.0057039191015064,0.0,False,0.0,102.72052628943119,209.4466075959715,0.40907540546088184,False,False,False,False
5,3,15,2,0.0314226113259792,0.0,False,0.0,123.50944230589892,131.38733109740505,0.25661588104961924,False,False,False,False
5,4,20,3,0.0222892705351114,0.0,False,0.0,70.77721455787226,131.06535354141192,0.25598701863557016,False,False,False,False
5,5,25,4,0.0161650888621807,0.0,False,0.0,49.46198141244741,135.07010237140716,0.2638087936941546,False,False,False,False
5,6,30,5,0.0144151793792843,0.0,False,0.0,39.124385590608455,138.90227946589968,0.2712935145818353,False,False,False,False
5,7,35,6,0.0373745895922184,0.0,False,14.589979189636027,37.54765945034853,134.72236098047782,0.26312961128999574,False,True,False,False
5,8,40,7,0.0687350779771804,0.0,False,21.364889040589606,57.4901104233111,134.8312291743904,0.2633422444812312,False,False,False,False
5,9,45,8,0.2634070813655853,0.0,False,34.003770688362984,53.42288209652003,134.90269891791,0.26348183382404294,False,False,False,False
5,10,50,9,0.0316575430333614,0.0,False,8.755955689247473,172.51336921265136,152.1473751054437,0.2971628420028197,False,False,False,False
5,11,55,10,0.0886179581284523,0.0,False,0.0,169.38783898134068,135.52264374517742,0.26469266356479965,False,False,False,False
5,12,60,11,0.0299721788614988,0.0,False,0.010180402885032495,86.38914798812557,115.21376482427283,0.22502688442240787,False,False,False,False
5,13,65,12,0.0351861119270324,0.0,False,0.12720570014621482,22.401815803255015,113.03398591481458,0.22076950373987222,False,False,False,False
5,14,70,13,0.0779980942606926,0.0,False,0.8030889544765941,32.01130795231671,107.96428134206559,0.21086773699622186,False,False,False,False
5,15,75,14,0.0161303076893091,0.0,False,0.8860832881614694,14.630946181356762,105.35764060745487,0.2057766418114353,False,False,False,False
5,16,80,15,0.0352381207048893,0.0,False,0.9232077023649004,23.169513648521107,111.54660976748563,0.21786447220212038,False,False,False,False
5,17,85,16,0.0939976945519447,0.0,False,0.23651142735626884,32.58201097059064,125.59518880281287,0.2453031031304939,False,False,False,False
5,18,90,17,0.070297785103321,0.0,False,0.8451116881567401,29.605661210831723,139.5042494307355,0.2724692371694053,False,False,False,False
5,19,95,18,0.0480352342128753,0.0,False,0.0,68.51450433493237,149.1711964710406,0.29134999310750115,False,False,False,False
5,20,100,19,0.0109715787693858,0.0,False,0.0,28.41697076624736,142.8013753477679,0.2789089362261092,False,False,False,False
5,21,105,20,0.0623954832553863,0.0,False,2.791042799747278,30.39124895737253,134.91726925313998,0.263510291510039,False,False,False,False
5,22,110,21,0.2266640663146972,0.0,False,18.13601745497012,34.21024210620215,134.9611295701165,0.2635959561916338,False,False,False,False
6,3,15,2,0.0434223376214504,0.0,False,0.021660258204338007,255.10947704918087,179.79237588081287,0.35115698414221264,False,True,True,False
6,4,20,3,0.0284065604209899,0.0,False,0.0009180986535704764,97.82846988625445,121.65782287573951,0.23761293530417874,False,False,False,False
6,5,25,4,0.0219936426728963,1.0,True,6.103515625e-05,156.19812160970713,75.94085003899842,0.1483219727324188,True,False,False,False
6,6,30,5,0.2393839508295059,1.0,True,22.881791403133153,152.10376034099784,22.238991326858432,0.043435529935270376,True,False,False,True
6,7,35,6,0.1408878117799759,1.0,True,34.73286429705476,88.8514968983801,40.452498183550844,0.07900878551474774,True,False,False,False
6,8,40,7,0.099203310906887,1.0,True,19.25154377278839,92.7212830298901,62.31795063869456,0.12171474734120032,True,False,False,False
6,9,45,8,0.0607156045734882,1.0,True,12.428034389704846,70.62789870728685,75.8946265161093,0.14823169241427597,True,False,False,False
6,10,50,9,0.081047773361206,1.0,True,0.0,215.2107969908521,88.52850457283667,0.17290723549382161,True,False,False,False
6,11,55,10,0.1165050491690635,1.0,True,0.0,224.8807912053833,72.90579067761885,0.14239412241722432,True,False,False,False
6,12,60,11,0.1045945882797241,1.0,True,6.950592663893386,202.22744926109718,49.17904082709239,0.09605281411541483,True,False,False,False
6,13,65,12,0.2079517394304275,1.0,True,42.83267376884636,119.27418220497367,21.076054546644773,0.04116416903641557,True,False,False,False
6,14,70,13,0.0462162233889102,1.0,True,5.873243229298951,138.20403285365853,34.92266059143613,0.06820832146764869,True,False,False,False
6,15,75,14,0.011672475375235,1.0,True,0.0,55.6364109889781,63.11932368878786,0.12327992907966379,True,False,False,False
6,16,80,15,0.0535902827978134,1.0,True,0.0,111.81218784905016,109.75312145931031,0.21436156535021544,True,False,False,False
6,17,85,16,0.0144565952941775,0.0,False,0.0,87.12177706463784,129.69400032268555,0.2533085943802452,False,False,False,False
6,18,90,17,0.0280386824160814,0.0,False,0.0,61.68489483129833,162.24326408948028,0.31688137517476617,False,False,False,False
6,19,95,18,0.0136225260794162,0.0,False,0.0,68.64455540349083,189.30495231214098,0.36973623498465036,False,False,False,False
6,20,100,19,0.0101246098056435,0.0,False,0.0,52.33135353231668,211.51101640656282,0.413107453919068,False,False,False,False
6,21,105,20,0.0044143577106297,0.0,False,0.0,48.54340832832339,225.27611017176181,0.4399924026792223,False,False,False,False
6,22,110,21,0.0066751074045896,0.0,False,0.0,97.54114999850529,228.4443610812408,0.44618039273679844,False,False,False,False
6,23,115,22,0.0294772833585739,0.0,False,0.0,209.0029382353395,307.64359390178697,0.6008663943394277,False,False,False,False
6,24,120,23,0.0147390961647033,0.0,False,0.0,143.39186181949606,336.7461685019324,0.6577073603553367,False,False,False,False
6,25,125,24,0.0117317214608192,0.0,False,0.0,176.3258638380172,340.45258022446234,0.664946445750903,False,False,False,False
6,26,130,25,0.0128354085609316,0.0,False,0.0,252.2894393885441,294.3748517756169,0.5749508823742517,False,False,True,False
6,27,135,26,0.0124180568382143,0.0,False,0.0,96.03352841571113,245.09961384447104,0.4787101832899825,False,False,False,False
6,28,140,27,0.0041496902704238,0.0,False,0.0,74.42888998639532,211.93533172154625,0.413936194768645,False,False,False,False
6,29,145,28,0.0029129444155842,0.0,False,0.0,25.93638706170868,210.31154600607093,0.4107647382931073,False,False,False,False
6,30,150,29,0.0169461201876401,0.0,False,0.0,132.6377752754707,180.85907826610494,0.3532403872384862,False,False,False,False
6,31,155,30,0.0733824297785759,0.0,False,0.0,180.62518260178584,119.67314358301813,0.2337366085605823,False,False,False,False
6,32,160,31,0.0639429315924644,0.0,False,0.0,135.9527056651804,102.93463772214807,0.20104421430107045,False,False,False,False
6,33,165,32,0.0203254614025354,0.0,False,0.0,71.91061669229745,116.23037713690273,0.22701245534551315,False,False,False,False
7,3,15,2,0.0494279451668262,0.0,False,0.0,143.83602717016524,178.48048972830819,0.3485947065006019,False,False,False,False
7,4,20,3,0.0445840954780578,0.0,False,0.0,108.41015192859122,170.1534179943661,0.3323308945202463,False,False,False,False
7,5,25,4,0.0279926713556051,0.0,False,0.0,120.11731201850523,158.9098513637255,0.31037080344477636,False,False,False,False
7,6,30,5,0.0353058017790317,0.0,False,0.0,106.81916661374022,136.74128116813188,0.2670728147815076,False,False,False,False
7,7,35,6,0.0795777142047882,0.0,False,0.2062576371326888,132.68985176993237,107.19234684866896,0.20936005243880657,False,True,False,False
7,8,40,7,0.0740464702248573,0.0,False,3.46251858610392,50.68703431654249,102.50756136155202,0.2002100807842813,False,False,False,False
7,9,45,8,0.1078169867396354,0.0,False,3.87305829911656,61.90709697857618,104.60934672454202,0.20431513032137114,False,False,False,False
7,10,50,9,0.1224073097109794,0.0,False,3.7732098968103958,58.62105453180248,100.92736533581152,0.19712376042150687,False,False,False,False
7,11,55,10,0.1135114654898643,0.0,False,4.51202940841512,40.70995972854331,100.25730502965158,0.19581504888603823,False,False,False,False
7,12,60,11,0.0142123652622103,0.0,False,1.6149465222689137,37.773941768063295,103.24488336321733,0.20165016281878384,False,False,False,False
7,13,65,12,0.0760483145713806,0.0,False,0.01872661269455327,139.27139648002654,129.96758534436933,0.25384294012572134,False,False,False,False
7,14,70,13,0.1102543473243713,0.0,False,0.0,176.19226737106885,144.32730175421435,0.2818892612386999,False,False,False,False
7,15,75,14,0.0762787833809852,0.0,False,0.0,148.80352172869178,121.3935222467187,0.23709672313812247,False,False,False,False
7,16,80,15,0.0477337054908275,1.0,True,0.0,150.57329186680496,90.50144290794434,0.17676063067957878,True,False,False,False
7,17,85,16,0.0390680916607379,1.0,True,0.0,103.15917604072318,45.381114887990094,0.08863499001560565,True,False,False,False
7,18,90,17,0.0642737224698066,1.0,True,0.3083713551009392,59.08507647232551,22.652889975575704,0.0442439257335463,True,False,False,True
7,19,95,18,0.1190693378448486,1.0,True,27.55044204451244,55.08722192578811,16.029389503771057,0.031307401374552846,True,False,False,False
7,20,100,19,0.1344436109066009,1.0,True,25.311550568363497,77.36677571921729,25.30069912495922,0.049415427978435976,True,False,False,False
7,21,105,20,0.1099846437573432,1.0,True,13.683883501879079,63.15455956045443,40.85062843280111,0.07978638365781467,True,False,False,False
7,22,110,21,0.3408451974391937,1.0,True,20.201379781961723,43.49219708277704,30.804141582921584,0.06016433902914372,True,False,False,False
7,23,115,22,0.2687574923038482,1.0,True,15.069008932742875,27.2645463029582,20.32372901029705,0.03969478322323643,True,False,False,False
7,24,120,23,0.0625158622860908,1.0,True,11.852306999265059,36.08832916674618,15.997240570753545,0.03124461048975302,True,False,False,False
7,25,125,24,0.2028919458389282,1.0,True,1.3053906745837578,214.96836094297188,59.85458999917605,0.11690349609214072,True,False,False,False
7,26,130,25,0.095750868320465,1.0,True,0.0,285.076185056668,119.88096375460479,0.23414250733321249,True,False,True,False
7,27,135,26,0.1172371581196785,0.0,False,0.0,219.2359656969342,117.61465294694206,0.2297161190369962,False,False,False,False
7,28,140,27,0.1006088629364967,0.0,False,0.0,85.16399074230665,99.58427229010749,0.1945005318166162,False,False,False,False
7,29,145,28,0.0878453478217125,0.0,False,0.0,38.605478768793034,93.42418583853971,0.18246911296589788,False,False,False,False
7,30,150,29,0.07649827003479,0.0,False,1.7528723211252382,27.686971561711566,92.9410618147306,0.1815255113568957,False,False,False,False
8,3,15,2,0.0868391096591949,0.0,False,0.0,105.11061056545346,128.38267673857425,0.2507474155050278,False,False,False,False
8,4,20,3,0.071064569056034,0.0,False,0.0,98.4796169843795,113.23461594160526,0.22116135926094777,False,False,False,False
8,5,25,4,0.0505154132843017,0.0,False,0.33613434869624664,58.421661371008405,122.05212744448419,0.23838306141500817,False,True,False,False
8,6,30,5,0.0963439345359802,0.0,False,3.3278725304736176,49.99837068622124,137.454782562035,0.2684663721914746,False,False,False,False
8,7,35,6,0.0571569986641407,0.0,False,0.8306356505751388,102.5474289791648,135.59351458940435,0.26483108318243037,False,False,False,False
8,8,40,7,0.0328769423067569,0.0,False,0.2453431554488773,66.88934174040257,129.01503828785613,0.251982496655969,False,False,False,False
8,9,45,8,0.0222082883119583,0.0,False,0.0,53.73323771416586,126.35981171090235,0.24679650724785615,False,False,False,False
8,10,50,9,0.0411544702947139,0.0,False,0.0,109.82809401790911,165.3047224522717,0.3228607860395932,False,False,False,False
8,11,55,10,0.0475883185863494,0.0,False,0.0,208.29533904134655,184.43961893354077,0.3602336307295718,False,False,False,False
8,12,60,11,0.0794300064444542,0.0,False,0.0,177.2829679164011,136.98871988340287,0.2675560935222712,False,False,False,False
8,13,65,12,0.0346111692488193,0.0,False,0.0,161.77188187297992,112.63280463581656,0.2199859465543292,False,False,False,False
8,14,70,13,0.0312773622572422,0.0,False,0.0,50.034813210109654,84.65636093823218,0.16534445495748473,False,False,False,False
8,15,75,14,0.0199515428394079,1.0,True,1.4349443631787566,90.36988891535272,70.46745191616237,0.13763174202375464,True,False,False,False
8,16,80,15,0.0084463758394122,1.0,True,1.0618134286076188,149.0290211430219,80.24635087129549,0.156731154045499,True,False,False,False
8,17,85,16,0.0853775516152381,0.0,False,0.0,186.04623336173464,138.56335507385094,0.2706315528786151,False,False,False,False
8,18,90,17,0.0433638095855712,0.0,False,0.0,102.04861827578954,189.69140742621562,0.3704910301293274,False,False,False,False
8,19,95,18,0.0104477005079388,0.0,False,0.0,148.69374255190013,182.30653689534327,0.3560674548737173,False,False,False,False
8,20,100,19,0.0165096279233694,0.0,False,0.0,98.13691986471208,155.17270326693796,0.3030716860682382,False,False,False,False
8,21,105,20,0.0417860187590122,0.0,False,0.0,134.746160383989,120.96926188037375,0.23626808961010498,False,False,False,False
8,22,110,21,0.0325464382767677,0.0,False,0.0,64.06746262057639,105.5861383373026,0.20622292644004414,False,False,False,False
9,3,15,2,0.0487824119627475,0.0,False,0.0,103.02103455264003,106.71503598440836,0.20842780465704758,False,False,False,False
9,4,20,3,0.0588849298655986,0.0,False,0.0,99.22659131258855,122.52457357436215,0.23930580776242608,False,False,False,False
9,5,25,4,0.0434307754039764,0.0,False,0.0,74.37661019474399,150.13071889474162,0.2932240603412922,False,False,False,False
9,6,30,5,0.0174695942550897,0.0,False,0.0,78.71689883721257,160.26721524459373,0.3130219047745971,False,False,False,False
9,7,35,6,0.0145816719159483,0.0,False,0.0,93.56659822247263,136.01578221539347,0.2656558246394404,False,False,False,False
9,8,40,7,0.0875110551714897,0.0,False,34.256047287121135,69.28671775251732,134.5446500636943,0.2627825196556529,False,True,False,False
9,9,45,8,0.0955825075507164,0.0,False,34.78068211015946,72.66105465062881,134.99365687902898,0.26365948609185347,False,False,False,False
9,10,50,9,0.1281280368566513,0.0,False,48.03769468013972,70.98969777467885,134.81905532670382,0.2633184674349684,False,False,False,False
9,11,55,10,0.2207638472318649,0.0,False,49.590168937687004,103.50430448245952,135.110911923783,0.26388849985113866,False,False,False,False
9,12,60,11,0.0774925947189331,0.0,False,23.32243577199,201.98776552172606,140.74018015291577,0.2748831643611636,False,False,False,False
9,13,65,12,0.0700716152787208,0.0,False,0.0,356.05148585674624,156.20012444026614,0.3050783680473948,False,False,True,False
9,14,70,13,0.098666213452816,0.0,False,0.0,207.66325642072005,109.74611941159353,0.2143478894757686,False,False,False,False
9,15,75,14,0.0249087009578943,0.0,False,0.0,170.82133501373642,85.73576871017204,0.16745267326205476,False,False,False,False
9,16,80,15,0.1904408931732177,0.0,False,34.40271441233552,86.41752363489559,81.30453575368936,0.15879792139392454,False,False,False,False
9,17,85,16,0.1789638549089431,1.0,True,8.592732803906898,107.28756642924246,54.19336857566097,0.10584642299933783,True,False,False,False
9,18,90,17,0.1097837686538696,1.0,True,33.723010336932134,47.81290133079706,53.78399413507552,0.10504686354506937,True,False,False,False
9,19,95,18,0.167249321937561,1.0,True,41.22234280644518,65.52478702421014,53.740892904388026,0.10496268145388286,True,False,False,False
9,20,100,19,0.0276143085211515,1.0,True,19.74632379841675,113.94060158766261,53.94456181731775,0.10536047229944873,True,False,False,False
9,21,105,20,0.0485337525606155,1.0,True,24.13549905520814,102.91601963590996,53.94795333001376,0.10536709634768313,True,False,False,False
9,22,110,21,0.033851359039545,1.0,True,18.555036155662414,46.48915649905275,54.867063962400415,0.10716223430156331,True,False,False,False
9,23,115,22,0.1078524962067604,1.0,True,7.426055038339791,136.7524349030902,70.57264550830438,0.13783719825840698,True,False,False,False
9,24,120,23,0.3982025384902954,0.0,False,28.191706144178433,143.42129841851607,74.73160053849573,0.14596015730174947,False,False,False,False
9,25,125,24,0.0918949171900749,0.0,False,3.529950585514379,47.904827615183045,62.969574743661916,0.12298745067121468,False,False,False,False
9,26,130,25,0.0257255565375089,1.0,True,8.779813211300324,36.09886055963532,62.11269782751514,0.12131386294436551,True,False,False,False
10,3,15,2,0.182305708527565,0.0,False,6.252142918148794,110.93499539449947,99.02265583789301,0.1934036246833848,False,True,False,False
10,4,20,3,0.3327404856681824,0.0,False,9.07635832600794,81.7076789078965,104.61833153861987,0.20433267878636693,False,False,False,False
10,5,25,4,0.5350823998451233,0.0,False,2.6866284006373067,117.56848829321633,109.62929459978383,0.2141197160152028,False,False,False,False
10,6,30,5,0.3813565075397491,0.0,False,1.9396979896731312,74.62043280659682,107.58815942793288,0.2101331238826814,False,False,False,False
10,7,35,6,0.0485398359596729,0.0,False,0.41694767846196706,20.526504704031183,111.44796702778159,0.2176718106011359,False,False,False,False
10,8,40,7,0.0405038818717002,0.0,False,0.05747074979587368,226.96492341087952,110.16741387178448,0.21517073021832905,False,False,True,False
10,9,45,8,0.2518470585346222,0.0,False,0.0,182.56817298008997,106.70498201798803,0.20840816800388287,False,False,False,False
10,10,50,9,0.0057343505322933,0.0,False,0.0,92.1644345219972,92.67363081339973,0.18100318518242134,False,False,False,False
10,11,55,10,0.0310549437999725,0.0,False,1.777295456219695,35.38895345532,76.45728395082668,0.14933063271645836,False,False,False,False
10,12,60,11,0.0425353199243545,0.0,False,10.428569301613617,17.838319893854095,78.43964305955588,0.15320242785069507,False,False,False,False
10,13,65,12,0.0342543423175811,0.0,False,3.7143908275269215,139.9457247415774,101.82551879411913,0.19887796639476393,False,False,False,False
10,14,70,13,0.1759891510009765,0.0,False,0.0,288.3170292841351,92.43456054454549,0.1805362510635654,False,False,True,False
10,15,75,14,0.0978482067584991,1.0,True,0.0,179.73187764294732,51.454067114691675,0.10049622483338218,True,False,False,False
10,16,80,15,0.1226710453629493,1.0,True,0.0,36.81690314457045,24.194291689882323,0.04725447595680141,True,False,False,True
10,17,85,16,0.1244876980781555,1.0,True,8.102227387072253,41.448490847583585,14.847406450281662,0.02899884072320637,True,False,False,False
11,3,15,2,0.0468326807022094,0.0,False,0.0,80.43626311855176,184.5296371356778,0.3604094475306207,False,False,False,False
11,4,20,3,0.0970290675759315,0.0,False,0.0,122.05140333644229,165.52478402984786,0.3232905938082966,False,False,False,False
11,5,25,4,0.0289065986871719,0.0,False,0.0,164.46148824231338,120.47903812771732,0.23531062134319788,False,False,False,False
11,6,30,5,0.068670280277729,0.0,False,1.0722229676368957,83.21844338818109,94.93407447448132,0.18541811420797133,False,True,False,False
11,7,35,6,0.1880424469709396,1.0,True,12.673601072680205,50.99283011154284,82.14522971819308,0.16043990179334586,True,False,False,False
11,8,40,7,0.1221864894032478,1.0,True,12.870233672557633,44.54030654087656,80.54165073509142,0.15730791159197544,True,False,False,False
11,9,45,8,0.0528066158294677,1.0,True,6.675972879565632,52.26390742582167,83.76309266027891,0.16359979035210725,True,False,False,False
11,10,50,9,0.0943299531936645,1.0,True,7.175988808281909,27.157488209063413,86.55114962937309,0.1690452141198693,True,False,False,False
11,11,55,10,0.0276627149432897,1.0,True,2.80006122033406,13.187423358952763,86.31996712008026,0.16859368578140677,True,False,False,False
11,12,60,11,0.0720564201474189,1.0,True,0.4680707589879669,189.002296348058,96.05913520392781,0.1876154984451715,True,False,False,False
11,13,65,12,0.192092016339302,0.0,False,0.0,226.59677293287265,112.72472762193293,0.22016548363658775,False,False,True,False
11,14,70,13,0.2005908042192459,1.0,True,0.0,206.07079996717493,63.33356888947518,0.12369837673725621,True,False,False,False
11,15,75,14,0.0348563268780708,1.0,True,0.0,96.30099266885499,40.18401896143398,0.07848441203405074,True,False,False,True
11,16,80,15,0.2218901664018631,1.0,True,11.185260309942185,75.90820012692697,18.80065295505981,0.03672002530285119,True,False,False,False
11,17,85,16,0.7609553933143616,1.0,True,44.00588849286064,75.93198808048353,23.496049523292132,0.045890721725179946,True,False,False,False
11,18,90,17,0.1417320817708969,1.0,True,20.043968701348962,117.58662481605865,15.232090172541415,0.02975017611824495,True,False,False,False
11,19,95,18,0.5763681530952454,1.0,True,29.00409814909988,93.53436766940241,31.433111139852514,0.06139279519502444,True,False,False,False
11,20,100,19,0.2200744003057479,1.0,True,4.288911171044247,155.5933394637244,79.32222004221116,0.15492621101994367,True,False,False,False
11,21,105,20,0.1796528100967407,0.0,False,0.0,300.58369698041656,113.153035594522,0.22100202264555077,False,False,True,False
11,22,110,21,0.3530458509922027,0.0,False,0.0,139.55646992487203,67.43152042090927,0.1317021883220884,False,False,False,False
11,23,115,22,0.0962753891944885,1.0,True,3.5583320841022337,56.99266263051793,57.83129725757202,0.11295175245619535,True,False,False,False
11,24,120,23,0.0569185018539428,1.0,True,7.28227516559735,20.178533355003584,59.551876815284395,0.11631225940485233,True,False,False,False
11,25,125,24,0.2405988425016403,1.0,True,1.40764365808489,173.97557489233117,116.97612649483743,0.22846899706022936,True,False,False,False
11,26,130,25,0.1918602734804153,0.0,False,0.0,145.68085821913337,164.70243174610061,0.32168443700410276,False,False,False,False
11,27,135,26,0.2658534348011017,0.0,False,0.0,112.35804599119282,135.37132344041703,0.2643971160945645,False,False,False,False
12,3,15,2,0.0256308764219284,1.0,True,0.0,129.52865423281003,47.68995792336069,0.09314444906906384,True,False,False,False
12,4,20,3,0.1255801618099212,1.0,True,24.673551185422824,55.75702002912614,44.634469941731155,0.08717669910494366,True,True,False,False
12,5,25,4,0.0862892195582389,1.0,True,28.792822920527545,70.07289531751381,52.17430576389267,0.10190294094510287,True,False,False,False
12,6,30,5,0.0153226302936673,1.0,True,14.816537297829898,140.6187484814707,53.817938010448245,0.10511316017665673,True,False,False,False
12,7,35,6,0.0475931651890277,1.0,True,0.0,235.53785684172445,111.62580762239087,0.21801915551248216,True,False,True,False
12,8,40,7,0.0954665765166282,0.0,False,0.0,172.89490922130872,121.18833552544704,0.23669596782313876,False,False,False,False
12,9,45,8,0.0789968743920326,0.0,False,0.0,135.89073289015843,115.20559848476452,0.2250109345405557,False,False,False,False
12,10,50,9,0.0419749617576599,0.0,False,1.0681230408519484,99.9783222514688,105.1386201008303,0.20534886738443417,False,False,False,False
12,11,55,10,0.0303905364125967,0.0,False,4.251607173015023,69.15273113354088,94.56096088336699,0.18468937672532615,False,False,False,False
12,12,60,11,0.0375656969845294,0.0,False,8.375517991115641,47.44289891464614,91.28931034441021,0.1782994342664262,False,False,False,False
12,13,65,12,0.0124930664896965,0.0,False,9.259659873561297,32.19191066693433,102.51142035020837,0.20021761787150072,False,False,False,False
12,14,70,13,0.0071992338635027,0.0,False,0.30851330983823627,47.523240810310654,123.23919184129689,0.24070154656503298,False,False,False,False
12,15,75,14,0.0124861216172575,0.0,False,9.7703922079969e-05,63.0912716398449,143.23743347921607,0.2797606122640939,False,False,False,False
12,16,80,15,0.0191625952720642,0.0,False,8.959789728573996,138.9597169193184,134.63006905230773,0.26294935361778854,False,False,False,False
12,17,85,16,0.3841523230075836,0.0,False,49.98189507646756,73.26001808652728,134.8002658434766,0.26328176922554025,False,False,False,False
12,18,90,17,0.2128002643585205,0.0,False,35.83540003669051,58.26429457506569,134.93445075356013,0.2635438491280471,False,False,False,False
12,19,95,18,0.3060096502304077,0.0,False,37.50333272423775,59.05605970448175,135.02434977131765,0.2637194331471048,False,False,False,False
12,20,100,19,0.3797492980957031,0.0,False,34.427556793822276,48.91697868309407,134.89583954551068,0.26346843661232555,False,False,False,False
12,21,105,20,0.2249226123094558,0.0,False,22.761320567932167,47.199967990403245,134.91024503610873,0.26349657233614987,False,False,False,False
12,22,110,21,0.0941118225455284,0.0,False,2.3677616973097533,161.71211450503083,183.17952602473133,0.3577725117670534,False,False,False,False
12,23,115,22,0.0897785425186157,0.0,False,0.0,296.0739072145362,158.80659812442903,0.31016913696177545,False,False,True,False
12,24,120,23,0.0758909285068512,0.0,False,0.0,245.55289510936248,108.77728468386363,0.21245563414817115,False,False,True,False
12,25,125,24,0.1483800858259201,0.0,False,0.0,68.10839510439982,76.14154459484999,0.14871395428681639,False,False,False,False
12,26,130,25,0.1218215823173523,1.0,True,2.7886054203075985,29.373543862923444,56.9334067893271,0.1111980601354045,True,False,False,False
12,27,135,26,0.0804530084133148,1.0,True,18.310323741443376,41.29174432820792,54.058178407286476,0.1055823797017314,True,False,False,False
12,28,140,27,0.0139156095683574,1.0,True,7.481529436346808,17.979385645352963,58.04248112894348,0.11336422095496773,True,False,False,False
12,29,145,28,0.0063597317785024,1.0,True,2.461612809334082,8.351538779783228,60.78837724205855,0.11872729930089561,True,False,False,False
12,30,150,29,0.4220296442508697,1.0,True,0.048968998824377774,155.17857272872433,129.90340200842925,0.2537175820477134,True,False,False,False
12,31,155,30,0.0740632712841034,0.0,False,0.0,162.05514371869478,101.34827553420108,0.19794585065273648,False,False,False,False
12,32,160,31,0.1741621047258377,0.0,False,11.507811139492542,77.06145409320663,77.47986659193909,0.15132786443738103,False,False,False,False
12,33,165,32,0.2188417911529541,0.0,False,16.858215789793533,185.69866518796468,95.17340744932105,0.18588556142445517,False,False,False,False
12,34,170,33,0.1060385406017303,0.0,False,0.0,334.7147556358689,123.90314639307499,0.2419983327989746,False,False,True,False
12,35,175,34,0.2079458832740783,1.0,True,0.0,188.07952611623725,68.8074454303098,0.13438954185607382,True,False,False,False
12,36,180,35,0.1283198744058609,1.0,True,0.0,130.91863046330135,28.553763247331478,0.05576906884244429,True,False,False,True
12,37,185,36,0.2049869298934936,1.0,True,8.275136841623327,26.957347890994193,15.408843963043843,0.030095398365320006,True,False,False,False
13,3,15,2,0.0540194325149059,0.0,False,0.0,130.3387683161069,82.00342708929968,0.16016294353378843,False,False,False,False
13,4,20,3,0.0599312894046306,1.0,True,0.0,86.88049137698172,51.460286216936645,0.10050837151745438,True,False,False,False
13,5,25,4,0.101112000644207,1.0,True,8.51039312624049,80.75684550830088,49.13022989276609,0.09595748025930877,True,True,False,False
13,6,30,5,0.1067520007491111,1.0,True,25.651956731122237,69.8207340868926,29.733777176007397,0.05807378354688945,True,False,False,True
13,7,35,6,0.0831359550356864,1.0,True,19.960509202934865,81.36691636952739,47.61211627006365,0.09299241458996807,True,False,False,False
13,8,40,7,0.0366349294781684,1.0,True,8.273173314052052,70.31855416317325,52.45287568942676,0.10244702283091164,True,False,False,False
13,9,45,8,0.1307510882616043,1.0,True,26.55082821622623,56.78154106129835,34.65816324600998,0.06769172508986324,True,False,False,False
13,10,50,9,0.0515737347304821,1.0,True,11.804348074833452,34.898058691146176,48.991893498271274,0.09568729198881108,True,False,False,False
13,11,55,10,0.0168597418814897,1.0,True,12.991438921693137,81.71371403267338,36.93253291234317,0.07213385334442025,True,False,False,False
13,12,60,11,0.0902115777134895,1.0,True,27.49870086638755,62.00853477280816,32.937127649421896,0.06433032744027714,True,False,False,False
13,13,65,12,0.2495904564857483,1.0,True,31.863245673310733,94.06897076781641,19.907717305704853,0.03888226036270479,True,False,False,False
13,14,70,13,0.3235631883144378,1.0,True,28.977687929841167,66.95584380165698,22.071335053608028,0.04310807627657818,True,False,False,False
13,15,75,14,0.110173262655735,1.0,True,6.321053195604807,311.6127705949615,40.65623147353726,0.07940670209675246,True,False,True,False
13,16,80,15,0.1565208286046981,1.0,True,0.0,230.6361543042357,79.07100958858923,0.15443556560271335,True,False,True,False
13,17,85,16,0.0440056361258029,1.0,True,0.0,63.509337247437635,91.56265185164989,0.1788333043977537,True,False,False,False
13,18,90,17,0.0175269525498151,0.0,False,0.0,61.913807040291566,78.02626630444107,0.15239505137586146,False,False,False,False
13,19,95,18,0.0858978852629661,0.0,False,13.091960072834047,22.869318844822203,76.71881279097444,0.14984143123237195,False,False,False,False
13,20,100,19,0.0700665712356567,0.0,False,12.750976837365194,20.80361550637698,77.732964654153,0.15182219659014257,False,False,False,False
13,21,105,20,0.010889415629208,0.0,False,7.521190308846506,54.97290896737556,79.73211728173546,0.15572679156588956,False,False,False,False
13,22,110,21,0.2636338770389557,0.0,False,0.111807919684111,154.07565643455783,109.63992979213694,0.21414048787526746,False,False,False,False
13,23,115,22,0.1413324922323227,0.0,False,0.5655723615779998,152.9840986888177,129.1933412578828,0.25233074464430233,False,False,False,False
13,24,120,23,0.1176969036459922,0.0,False,3.271226995933741,41.39438855252656,135.81991129299044,0.26527326424412195,False,False,False,False
13,25,125,24,0.0879242420196533,0.0,False,6.983880350222295,38.89532348636848,134.9589223619343,0.2635916452381529,False,False,False,False
13,26,130,25,0.0593815855681896,0.0,False,8.912033820861353,56.06576702270731,136.73672895298938,0.2670639237363074,False,False,False,False
13,27,135,26,0.1348882913589477,0.0,False,0.0,133.66079608939728,144.014203712451,0.2812777416258809,False,False,False,False
13,28,140,27,0.0664525851607322,0.0,False,0.0,111.99258032780791,121.26076194309023,0.2368374256700981,False,False,False,False
14,3,15,2,0.2029306441545486,0.0,False,0.0,279.6071432241193,179.60741436146682,0.3507957311747399,False,False,True,False
14,4,20,3,0.0390723384916782,0.0,False,0.0,258.16950945335077,140.06369794953756,0.27356191005769054,False,False,True,False
14,5,25,4,0.2670189142227173,0.0,False,1.793463306327745,112.2559834592325,100.21931782421555,0.195740855125421,False,True,False,False
14,6,30,5,0.4127849042415619,0.0,False,9.115240027669294,85.58465778488433,97.35548207656977,0.19014742593080033,False,False,False,False
14,7,35,6,0.2234745770692825,0.0,False,9.750312614771197,80.3592815013063,100.10590894570667,0.19551935340958335,False,False,False,False
14,8,40,7,0.0986155048012733,0.0,False,1.676966326020377,153.27055087422542,132.6123683939763,0.259008532019485,False,False,False,False
14,9,45,8,0.1335133165121078,0.0,False,0.0,276.67013826460686,173.66346022613052,0.3391864457541612,False,False,True,False
14,10,50,9,0.1444903016090393,0.0,False,0.0,255.5359373037954,113.89594179254675,0.22245301131356787,False,False,True,False
14,11,55,10,0.2184574156999588,1.0,True,0.1717145181417323,98.36681774467787,59.0020953901571,0.11523846755890059,True,False,False,False
14,12,60,11,0.0427891910076141,1.0,True,13.689820264831747,52.985557251255784,53.86559027365961,0.10520623100324143,True,False,False,False
14,13,65,12,0.0652958080172538,1.0,True,23.177495116280877,31.814936355119762,53.98744809413768,0.10544423455886266,True,False,False,False
14,14,70,13,0.1179720982909202,1.0,True,26.0292411374907,43.84924316266545,53.962557046994085,0.10539561923241032,True,False,False,False
14,15,75,14,0.1914611905813217,1.0,True,27.37929556351597,50.15103796578822,54.29270698528354,0.10604044333063191,True,False,False,False
14,16,80,15,0.375518798828125,1.0,True,0.894368280350577,194.9025206279361,132.14569651216493,0.25809706350032213,True,False,False,False
14,17,85,16,0.2074803858995437,0.0,False,0.0,316.29601524695113,177.8623085905509,0.3473873214659197,False,False,True,False
14,18,90,17,0.0925968661904335,0.0,False,0.0,202.47494125887138,140.6839842936743,0.27477340682358264,False,False,False,False
14,19,95,18,0.0317603200674057,0.0,False,0.10184261546317983,88.27439274481972,127.83684436799128,0.24968133665623296,False,False,False,False
14,20,100,19,0.1975702792406082,0.0,False,2.287049217902985,72.23198778214204,127.6228636512139,0.24926340556877716,False,False,False,False
14,21,105,20,0.0120154367759823,0.0,False,0.33797744403219415,171.93293544287576,139.48985443160183,0.2724411219367223,False,False,False,False
14,22,110,21,0.1721140146255493,0.0,False,0.0,387.331489574055,183.97703755808251,0.3593301514806299,False,False,True,False
14,23,115,22,0.2442790269851684,0.0,False,0.0,199.53332738959494,136.3517104347627,0.2663119344428959,False,False,False,False
14,24,120,23,0.1590451747179031,0.0,False,0.0,206.6257266504994,115.08700639746473,0.2247793093700483,False,False,False,False
14,25,125,24,0.0410983376204967,0.0,False,0.0,60.552916730583554,85.32895521957884,0.16665811566323993,False,False,False,False
14,26,130,25,0.0683581456542015,0.0,False,11.632129400566866,44.44828414875702,75.93395762791394,0.14830851099201942,False,False,False,False
14,27,135,26,0.1218315437436103,0.0,False,20.026500878530964,28.059320979802763,79.45249599638255,0.15518065624293467,False,False,False,False
14,28,140,27,0.0740273669362068,0.0,False,0.5310288461554896,117.77280027146578,106.7434128130299,0.20848322815044903,False,False,False,False
14,29,145,28,0.2375542074441909,1.0,True,0.0,264.6606705435882,65.57357053792424,0.12807337995688328,True,False,True,False
14,30,150,29,0.1265013217926025,1.0,True,0.0,251.28467903601512,47.5461422659083,0.09286355911310215,True,False,True,False
14,31,155,30,0.0618864633142948,1.0,True,0.0,44.708439336770205,27.443078154577602,0.05359976202065938,True,False,False,True
14,32,160,31,0.0569923631846904,1.0,True,6.807998831285285,17.909373277836057,18.313734522771295,0.035769012739787685,True,False,False,False
14,33,165,32,0.0738659128546714,1.0,True,10.701482921174756,25.43164581197556,15.745154818196676,0.030752255504290383,True,False,False,False
14,34,170,33,0.0832708179950714,1.0,True,2.609768144748786,125.81818206982844,36.5920767840478,0.07146889996884336,True,False,False,False
14,35,175,34,0.2601063251495361,1.0,True,0.0,177.27637265834144,94.27335340213075,0.18412764336353662,True,False,False,False
14,36,180,35,0.1545387357473373,0.0,False,0.0,240.57575283775677,112.89010960267397,0.2204884953177226,False,False,True,False
14,37,185,36,0.254959225654602,0.0,False,0.0,91.30323958181516,82.21993023753687,0.1605858012451892,False,False,False,False
15,3,15,2,0.0152213759720325,0.0,False,0.0,89.75597964724439,152.07068889874753,0.2970130642553663,False,False,False,False
15,4,20,3,0.009494031779468,0.0,False,0.0,35.50643944010009,137.87251230172583,0.26928225058930827,False,False,False,False
15,5,25,4,0.0715392529964447,0.0,False,21.399743806188113,42.57027924928378,134.87630580098244,0.2634302847675438,False,True,False,False
15,6,30,5,0.2194288522005081,0.0,False,35.028200383169676,57.87409999748596,134.95473283821036,0.2635834625746296,False,False,False,False
15,7,35,6,0.2528263032436371,0.0,False,34.6323709365646,50.40725625901733,134.91644019988703,0.26350867226540436,False,False,False,False
15,8,40,7,0.1277562528848648,0.0,False,32.32985192352671,58.398697824736004,134.9505163588691,0.2635752272634162,False,False,False,False
15,9,45,8,0.0479786433279514,0.0,False,3.4443826580650887,138.87074215734557,165.17696247299816,0.3226112548300745,False,False,False,False
15,10,50,9,0.0581981725990772,0.0,False,0.0,159.29221896822298,160.32635941363577,0.31313742072975737,False,False,False,False
15,11,55,10,0.0376722924411296,0.0,False,0.0,96.22778620175599,129.2414242634589,0.25242465676456816,False,False,False,False
15,12,60,11,0.0553462989628315,0.0,False,0.0,105.73755325245891,107.72972844775313,0.21040962587451784,False,False,False,False
15,13,65,12,0.0309871342033147,0.0,False,0.0,83.98978948081154,78.53672844377529,0.1533920477417486,False,False,False,False
15,14,70,13,0.0978197678923606,0.0,False,29.461998564489658,60.017993033563876,76.4482750333945,0.14931303717459862,False,False,False,False
15,15,75,14,0.2347121983766555,0.0,False,38.79349801222786,62.11934186951622,74.95321098415032,0.1463929902034186,False,False,False,False
15,16,80,15,0.1745766550302505,0.0,False,39.37344549448855,75.27181354799363,76.17100529366935,0.14877149471419795,False,False,False,False
15,17,85,16,0.1263152509927749,0.0,False,32.057803086968285,64.49651765014413,76.55537810853171,0.149522222868226,False,False,False,False
15,18,90,17,0.0333697386085987,0.0,False,1.6027716805478958,162.09267054259232,106.19053899026473,0.2074033964653608,False,False,False,False
15,19,95,18,0.0855728164315223,0.0,False,0.0,188.78673345532033,154.3352999097296,0.3014361326361906,False,False,False,False
15,20,100,19,0.0834087207913398,0.0,False,0.0,191.69911195032844,186.1824701021807,0.3636376369183217,False,False,False,False
15,21,105,20,0.0860910788178443,0.0,False,0.0,157.98812697167577,173.18251209281232,0.33824709393127406,False,False,False,False
15,22,110,21,0.120903193950653,0.0,False,0.0,155.21861289088,143.34808284349816,0.27997672430370735,False,False,False,False
15,23,115,22,0.0408507175743579,0.0,False,0.0,101.20286984187675,113.60415332692143,0.22188311196664343,False,False,False,False
15,24,120,23,0.0729499086737632,0.0,False,0.7771628866700353,34.871110359237086,107.90617641632447,0.21075425081313373,False,False,False,False
15,25,125,24,0.2094748765230178,0.0,False,2.354409999393912,42.09877393250359,104.70832843084291,0.20450845396649006,False,False,False,False
15,26,130,25,0.0439436174929142,0.0,False,1.0749538689310278,178.68910793841633,118.8909986073905,0.23220898165505957,False,False,False,False
15,27,135,26,0.0691327378153801,0.0,False,0.0,231.25728728477523,164.60502525359445,0.32149418994842666,False,False,True,False
15,28,140,27,0.2422156482934951,0.0,False,0.0,224.18102245444703,170.67897264829188,0.33335736845369507,False,False,False,False
15,29,145,28,0.1043902412056922,0.0,False,0.0,192.80914094770935,144.881685866912,0.2829720427088125,False,False,False,False
15,30,150,29,0.1007879376411438,0.0,False,0.0,104.53292802756114,101.98959334278368,0.19919842449762437,False,False,False,False
15,31,155,30,0.0461334474384784,0.0,False,1.7937095813753987,71.19656679113606,76.81573249738805,0.15003072753396104,False,False,False,False
15,32,160,31,0.473174124956131,0.0,False,26.500164948176025,41.755561385048914,81.5171750954969,0.15921323260839237,False,False,False,False
15,33,165,32,0.0652731731534004,0.0,False,3.7044092153226935,197.8916172322151,122.42905814308973,0.23911925418572214,False,False,False,False
15,34,170,33,0.1418929100036621,0.0,False,0.0,351.10519126226916,108.5418246429663,0.21199575125579356,False,False,True,False
15,35,175,34,0.2024045437574386,0.0,False,0.0,154.61553347534144,85.83725090747625,0.16765088067866454,False,False,False,False
15,36,180,35,0.0482193864881992,1.0,True,0.0,152.14119035178223,53.92368101823251,0.10531968948873537,True,False,False,False
15,37,185,36,0.2270547300577163,1.0,True,0.0,51.617092047083624,17.839987012366443,0.03484372463352821,True,False,False,True
16,3,15,2,0.0978045836091041,0.0,False,0.0,251.57188725685305,171.62040793646227,0.3351961092509029,False,False,True,False
16,4,20,3,0.0752870962023735,0.0,False,0.0,196.2408150091679,150.21677410883794,0.2933921369313241,False,False,False,False
16,5,25,4,0.0452871769666671,0.0,False,0.0,228.86654545784543,107.21719388541811,0.20940858180745725,False,False,True,False
16,6,30,5,0.0354956649243831,1.0,True,0.0,264.2086988933268,59.80778023430955,0.11681207077013583,True,False,True,False
16,7,35,6,0.0131375044584274,1.0,True,0.0,54.92086014160069,43.16312030974357,0.08430296935496791,True,False,False,False
16,8,40,7,0.1453523337841034,1.0,True,19.355413067332933,42.191710970343834,36.58589061910949,0.07145681761544823,True,True,False,True
16,9,45,8,0.1643789410591125,1.0,True,31.79029001792275,50.434294556972,28.720748125137998,0.05609521118191015,True,False,False,False
16,10,50,9,0.1446145623922348,1.0,True,35.02025982327705,92.71638362056903,30.90234861665369,0.06035614964190174,True,False,False,False
16,11,55,10,0.0488054603338241,1.0,True,14.103048122066985,63.197034783936815,39.58832143570047,0.07732094030410248,True,False,False,False
16,12,60,11,0.3089421689510345,1.0,True,31.35506208684371,90.09955658890148,46.63475148924348,0.09108349900242867,True,False,False,False
16,13,65,12,0.5590431094169617,1.0,True,37.863320319954376,82.04952467837833,48.86004665570794,0.09542977862442957,True,False,False,False
16,14,70,13,0.1111777648329734,1.0,True,2.1368175746129485,115.90442088047688,96.0050273675772,0.18750981907729922,True,False,False,False
16,15,75,14,0.0929502621293068,0.0,False,0.0,146.9781154767126,154.1233971390948,0.30102226003729454,False,False,False,False
16,16,80,15,0.0469420067965984,0.0,False,0.0,174.59575589588573,124.89461053210141,0.24393478619551057,False,False,False,False
16,17,85,16,0.2278354912996292,0.0,False,0.0,80.66237462172495,76.73778205369032,0.14987848057361391,False,False,False,False
16,18,90,17,0.0779312327504158,0.0,False,0.0,78.75048458271861,64.50308553357155,0.12598258893275693,False,False,False,False
16,19,95,18,0.0506912320852279,1.0,True,8.724848168300992,42.89891076141975,62.725658610503864,0.12251105197364036,True,False,False,False
16,20,100,19,0.1228669956326484,1.0,True,15.630469192450155,94.95711456844758,58.17546360804648,0.11362395235946578,True,False,False,False
16,21,105,20,0.0083259604871273,1.0,True,4.165055615592343,36.79264510623404,62.949363477798634,0.12294797554257546,True,False,False,False
16,22,110,21,0.1710115820169448,0.0,False,0.7132277031465122,182.51434787815964,89.7617392676976,0.1753158970072219,False,False,False,False
16,23,115,22,0.1885188817977905,0.0,False,0.0,190.9022922908767,167.00000168694655,0.3261718782948175,False,False,False,False
16,24,120,23,0.0905274450778961,0.0,False,0.0,187.71889490961283,181.59310995635227,0.3546740428835005,False,False,False,False
17,3,15,2,0.0389539003372192,0.0,False,0.0,97.09050624978408,130.24319432979132,0.2543812389253737,False,False,False,False
17,4,20,3,0.0843093991279602,0.0,False,0.67098048248474,47.49694768809122,102.91791842605329,0.20101155942588533,False,True,False,False
17,5,25,4,0.2036186903715133,1.0,True,8.602422399322,57.219755169987266,85.99266979463702,0.16795443319265044,True,False,False,False
17,6,30,5,0.1467978954315185,1.0,True,13.105928604149438,48.32526424979364,84.43308827259297,0.16490837553240814,True,False,False,False
17,7,35,6,0.18952077627182,1.0,True,8.134245004357222,36.52978373283352,92.04239332254868,0.17977029945810288,True,False,False,False
17,8,40,7,0.1128396019339561,0.0,False,3.0402613574871067,98.54789034997205,118.98591775727205,0.23239437061967197,False,False,False,False
17,9,45,8,0.0771222487092018,0.0,False,0.0,109.1799983679132,158.05982644396852,0.308710598523376,False,False,False,False
17,10,50,9,0.0629627928137779,0.0,False,0.0,99.2879579813628,146.94529989343803,0.28700253885437116,False,False,False,False
17,11,55,10,0.2077171206474304,0.0,False,13.69029326385047,48.627300197208214,134.64069250767062,0.2629701025540442,False,False,False,False
17,12,60,11,0.1863805055618286,0.0,False,20.72518541311526,49.786843097113056,134.99516288761242,0.263662427514868,False,False,False,False
17,13,65,12,0.1781259328126907,0.0,False,15.156815128076916,29.60921928737232,134.85413630762883,0.26338698497583757,False,False,False,False
18,3,15,2,0.0307210180908441,0.0,False,0.0,102.9996844519366,87.82213183533291,0.1715276012408846,False,False,False,False
18,4,20,3,0.0264907125383615,0.0,False,0.0,89.54444411026827,100.0791723884896,0.19546713357126874,False,False,False,False
18,5,25,4,0.0496998839080333,0.0,False,0.0,96.45854072685921,96.36621512499696,0.18821526391600968,False,False,False,False
18,6,30,5,0.0500281751155853,0.0,False,2.8343245894343383,165.3057018633533,71.76911261108438,0.14017404806852418,False,True,False,False
18,7,35,6,0.0941902622580528,0.0,False,23.52809789610198,59.039237251288974,72.01011720362061,0.1406447601633215,False,False,False,False
18,8,40,7,0.1027604341506958,0.0,False,22.30730380150673,47.775349305935194,59.79044871463341,0.11677822014576839,False,False,False,False
18,9,45,8,0.0910909846425056,0.0,False,21.476292792796176,49.34338352975663,61.93723454729812,0.12097116122519164,False,False,False,False
18,10,50,9,0.0935097336769104,0.0,False,16.103926242408786,32.94151030814055,63.446978477497886,0.12391987983886306,False,False,False,False
18,11,55,10,0.0514064989984035,0.0,False,9.673305636045027,33.49250558982092,63.426924722347906,0.12388071234833575,False,False,False,False
18,12,60,11,0.2834718227386474,0.0,False,0.5889745151078022,209.26875377220128,130.05172588765544,0.254007277124327,False,False,False,False
18,13,65,12,0.1016742214560508,0.0,False,0.0,209.986101224183,190.97451172005384,0.37299709320323016,False,False,False,False
18,14,70,13,0.0598117113113403,0.0,False,0.0,170.3115830417407,163.00630514444018,0.3183716897352347,False,False,False,False
18,15,75,14,0.0916698649525642,0.0,False,5.651260832449427,63.56614358628949,134.8068291335106,0.2632945881513879,False,False,False,False
18,16,80,15,0.1868524998426437,0.0,False,23.59140896671706,34.77377114251099,135.11746647898477,0.2639013017167671,False,False,False,False
18,17,85,16,0.0659403502941131,0.0,False,13.407696963082675,29.30966015543676,135.1829112686737,0.26402912357162833,False,False,False,False
18,18,90,17,0.0551748387515544,0.0,False,10.531836050608112,28.44246946324244,134.9513773093976,0.2635769088074172,False,False,False,False
18,19,95,18,0.2637062966823578,0.0,False,17.21044117486904,29.84555113624163,134.8014735121775,0.26328412795347167,False,False,False,False
18,20,100,19,0.0175522770732641,0.0,False,4.344878427979239,20.865520756540132,134.98019632267017,0.26363319594271517,False,False,False,False
18,21,105,20,0.0801482424139976,0.0,False,0.5490789608104064,118.8141392273721,160.51381424728416,0.3135035434517269,False,False,False,False
18,22,110,21,0.1442897468805313,0.0,False,0.0,217.4521344447571,136.14110276139675,0.26590059133085303,False,False,False,False
18,23,115,22,0.1242950782179832,0.0,False,0.0,112.30030590987516,92.29455515951547,0.18026280304592865,False,False,False,False
18,24,120,23,0.0882967114448547,0.0,False,0.0,55.27983188800105,74.11019686018227,0.1447464782425435,False,False,False,False
18,25,125,24,0.059613149613142,0.0,False,0.0,25.36925489491569,60.960605438357845,0.11906368249679267,False,False,False,False
18,26,130,25,0.0741241052746772,1.0,True,6.792835097539814,13.925945585156825,54.52906275851159,0.10650207570021795,True,False,False,False
19,3,15,2,0.0655280277132988,0.0,False,0.0,118.85147944897253,145.64419544923612,0.2844613192367893,False,False,False,False
19,4,20,3,0.0561868660151958,0.0,False,0.0,148.41639181619297,152.34617090086235,0.29755111504074677,False,False,False,False
19,5,25,4,0.023872984573245,0.0,False,0.0,82.47379174754116,158.2897192540796,0.30915960791812425,False,False,False,False
19,6,30,5,0.0165903847664594,0.0,False,0.0,77.70320954977804,145.8604136740855,0.28488362045719823,False,False,False,False
19,7,35,6,0.0169456545263528,0.0,False,0.0,107.40210169518352,123.85790579373254,0.24190997225338387,False,False,False,False
19,8,40,7,0.2221506386995315,0.0,False,0.1463576380516243,90.00339197129998,112.66718307280365,0.22005309193906963,False,True,False,False
19,9,45,8,0.3757940232753753,0.0,False,5.008485594869224,157.451521754188,98.342451042389,0.19207509969216602,False,False,False,False
19,10,50,9,0.1185568571090698,0.0,False,4.929717050401834,195.78237273125336,109.96029660384656,0.2147662043043878,False,False,False,False
19,11,55,10,0.4459333717823028,0.0,False,0.0,386.28645920057477,267.230709380192,0.5219349792581875,False,False,True,False
19,12,60,11,0.1826364994049072,0.0,False,0.0,291.80895459876405,219.56974410013,0.4288471564455664,False,False,True,False
19,13,65,12,0.1093973517417907,0.0,False,0.0,209.56404920202357,143.85323083199597,0.28096334146874213,False,False,False,False
19,14,70,13,0.0504376739263534,0.0,False,0.0,297.40950029153043,124.5377209228411,0.24323773617742403,False,False,True,False
19,15,75,14,0.0237201284617185,0.0,False,0.0,43.87288308903878,97.03522205125994,0.18952191806886706,False,False,False,False
19,16,80,15,0.0284381788223981,0.0,False,0.0,77.1204835802893,75.5875220203486,0.14763187894599336,False,False,False,False
19,17,85,16,0.0779798850417137,0.0,False,18.08358604743666,32.62381110493335,75.01088957142069,0.14650564369418104,False,False,False,False
19,18,90,17,0.0524563193321228,0.0,False,17.642108260580866,31.098108837989912,75.02593910130857,0.1465350373072433,False,False,False,False
19,19,95,18,0.0707862302660942,0.0,False,21.52341205925139,35.536241093381975,75.39998316442441,0.14726559211801643,False,False,False,False
19,20,100,19,0.0332171730697155,0.0,False,12.499149052779806,123.05521599218706,80.40949210761349,0.1570497892726826,False,False,False,False
19,21,105,20,0.0773402526974678,0.0,False,0.0,142.93992657765781,90.95227723083885,0.17764116646648212,False,False,False,False
19,22,110,21,0.0819234326481819,1.0,True,0.0,160.7740799471368,59.933931878750755,0.11705846070068507,True,False,False,False
19,23,115,22,0.1234001815319061,1.0,True,11.525980348348694,174.52595476103482,28.059529665114898,0.054803768877177535,True,False,False,True
19,24,120,23,0.1002359390258789,1.0,True,24.327099910015775,76.6248444556266,15.109148976633511,0.029510056594987327,True,False,False,False
19,25,125,24,0.0552461333572864,1.0,True,15.973466810183737,103.2775740516944,17.44240171154382,0.03406719084285902,True,False,False,False
19,26,130,25,0.0985389947891235,1.0,True,18.527315204524427,47.4426896832162,21.690373315022356,0.04236401038090304,True,False,False,False
19,27,135,26,0.0812933221459388,1.0,True,18.333919030877244,121.04279315820294,15.80967784073231,0.03087827703268029,True,False,False,False
19,28,140,27,0.2016345709562301,1.0,True,23.865719548813342,58.09272692153859,27.140623736429543,0.05300903073521395,True,False,False,False
19,29,145,28,0.0626309812068939,1.0,True,12.131633400541041,46.258912487800636,30.09200830466792,0.05877345372005453,True,False,False,False
19,30,150,29,0.0163216087967157,1.0,True,6.384237866398143,36.7337929029107,30.490008054999294,0.059550796982420495,True,False,False,False
19,31,155,30,0.0029729998204857,1.0,True,2.7052158916247473,8.394812033119047,30.263305714674168,0.059108018973972984,True,False,False,False
19,32,160,31,0.3570268154144287,1.0,True,2.169281613995545,206.59226437673877,55.540390284390945,0.10847732477420106,True,False,False,False
19,33,165,32,0.1329315304756164,1.0,True,0.0,238.62407299552908,102.02800984405086,0.19927345672666183,True,False,True,False
19,34,170,33,0.0690560862421989,0.0,False,0.0,199.45659968654218,106.78933687129573,0.20857292357674947,False,False,False,False
19,35,175,34,0.0201935991644859,0.0,False,0.0,55.802985350582894,81.4317847589365,0.15904645460729785,False,False,False,False
19,36,180,35,0.0586139969527721,0.0,False,10.152279155513968,46.4894677138754,76.76496302156124,0.1499315684014868,False,False,False,False
19,37,185,36,0.0025428249500691,0.0,False,4.584585694973176,20.196798263611285,78.90027508323625,0.1541020997719458,False,False,False,False
19,38,190,37,0.2146608382463455,0.0,False,0.0,71.58037407302895,109.60553447911757,0.2140733095295265,False,False,False,False
19,39,195,38,0.3282294273376465,0.0,False,0.0,234.60400627594817,99.05460592403132,0.19346602719537367,False,False,True,False
19,40,200,39,0.1548160463571548,1.0,True,0.0,231.69541843515202,79.97338396757921,0.15619801556167814,True,False,True,False
20,3,15,2,0.0536304078996181,0.0,False,6.646598239038814,128.42601364639668,135.7601639379669,0.2651565701913416,False,True,False,False
20,4,20,3,0.2309879809617996,0.0,False,21.926358751171332,93.72665132940857,129.719418370677,0.2533582390052285,False,False,False,False
20,5,25,4,0.0391296260058879,0.0,False,0.0,111.35060529863746,129.2233060022658,0.25238926953567536,False,False,False,False
20,6,30,5,0.0645277351140976,0.0,False,0.0,98.76361682283526,104.92381050192405,0.20492931738657041,False,False,False,False
20,7,35,6,0.029865900054574,0.0,False,0.0,60.9470186985804,116.6854307795766,0.22790123199136056,False,False,False,False
20,8,40,7,0.0088395867496728,0.0,False,0.0,65.11194015020473,116.92567006136429,0.22837044933860212,False,False,False,False
20,9,45,8,0.0299555286765098,0.0,False,0.0,67.85380988605802,100.66063610802937,0.19660280489849485,False,False,False,False
20,10,50,9,0.0061349584721028,0.0,False,0.0,89.80628251685972,101.42356208949849,0.19809289470605174,False,False,False,False
20,11,55,10,0.0221579018980264,1.0,True,0.0,110.0707981187477,75.32466691543752,0.1471184900692139,True,False,False,False
20,12,60,11,0.0101008648052811,1.0,True,0.0,138.08985343841934,61.504983200584,0.12012692031364063,True,False,False,False
20,13,65,12,0.0347975231707096,1.0,True,0.0,357.3251033550565,83.14715095273188,0.16239677920455445,True,False,True,False
20,14,70,13,0.2574901282787323,1.0,True,0.0,350.5085562648858,114.15104044852806,0.22295125087603138,True,False,True,False
20,15,75,14,0.1875714808702469,1.0,True,9.807719834434462,254.5937015606846,70.11244712004077,0.13693837328132963,True,False,True,False
20,16,80,15,0.0820811688899993,1.0,True,27.108181588020937,124.44698790896682,53.64973030493475,0.10478462950182568,True,False,False,False
20,17,85,16,0.0695966780185699,1.0,True,35.003773566749544,59.784432692148094,64.57563180253854,0.12612428086433308,True,False,False,False
20,18,90,17,0.0330815427005291,0.0,False,17.56328656084145,44.691794400594766,65.46684943916976,0.12786494031087844,False,False,False,False
20,19,95,18,0.0198267791420221,0.0,False,9.584439857126437,67.35190978865656,70.79566696361535,0.13827278703831122,False,False,False,False
20,20,100,19,0.0125963762402534,0.0,False,0.2843137065396072,21.677182297314477,83.47289849292451,0.1630330048689932,False,False,False,False
20,21,105,20,0.0279619041830301,0.0,False,0.0,70.8886852134708,105.02812382749816,0.20513305435058235,False,False,False,False
20,22,110,21,0.004314174875617,0.0,False,0.0,73.39532509137561,108.63608988048618,0.21217986304782457,False,False,False,False
20,23,115,22,0.0066478289663791,0.0,False,0.0,60.31386033622076,119.08659037260645,0.23259099682149698,False,False,False,False
21,3,15,2,0.0853804573416709,0.0,False,0.0,241.07993762589126,141.96651471100697,0.2772783490449355,False,False,True,False
21,4,20,3,0.101564697921276,0.0,False,2.062366809854506,91.73008775365687,99.08853466587831,0.19353229426929358,False,True,False,False
21,5,25,4,0.0693593323230743,0.0,False,0.0,75.07914736182373,96.11167450323258,0.18771811426412613,False,False,False,False
21,6,30,5,0.024416759610176,0.0,False,0.0,117.9665179238674,107.84104092587965,0.2106270330583587,False,False,False,False
21,7,35,6,0.0257963016629219,0.0,False,0.0,42.792778174904434,96.47235255292277,0.1884225635799273,False,False,False,False
21,8,40,7,0.0061949789524078,0.0,False,0.0,42.985151811436936,115.78915175596563,0.22615068702337038,False,False,False,False
21,9,45,8,0.0340263880789279,0.0,False,0.0,107.88063422547955,108.69207322633315,0.21228920552018193,False,False,False,False
21,10,50,9,0.003686174750328,0.0,False,0.0,186.05786169891078,122.49733018271739,0.2392525980131199,False,False,False,False
21,11,55,10,0.0515719801187515,1.0,True,0.0,152.19397138641096,68.37107790430954,0.13353726153185458,True,False,False,False
21,12,60,11,0.0828273221850395,1.0,True,6.377945333613361,205.17903164744092,36.39727413433035,0.07108842604361397,True,False,False,True
21,13,65,12,0.0993170216679573,1.0,True,0.045672285646464604,321.94632310552737,80.27374365177967,0.15678465556988216,True,False,True,False
21,14,70,13,0.2130047082901001,1.0,True,0.0,383.4145348992813,125.93393250092858,0.24596471191587613,True,False,True,False
21,15,75,14,0.0760625377297401,0.0,False,0.027268339803470806,198.43755665404396,119.27247201134315,0.2329540468971546,False,False,False,False
21,16,80,15,0.2050696760416031,1.0,True,5.573297634520707,205.39434457106861,74.92039077750981,0.14632888823732385,True,False,False,False
21,17,85,16,0.2695847749710083,1.0,True,46.8293741309792,198.49466975309323,54.90929019786876,0.10724470741771243,True,False,False,False
21,18,90,17,0.0124641582369804,1.0,True,21.93635827161946,94.60881484787834,58.6518507362346,0.1145543959692082,True,False,False,False
21,19,95,18,0.013086493127048,1.0,True,5.543769803346624,149.104920809159,62.580861467813556,0.12222824505432335,True,False,False,False
21,20,100,19,0.0102449161931872,1.0,True,7.767310659231762,50.21108571628642,56.403318401991385,0.11016273125388942,True,False,False,False
21,21,105,20,0.069070853292942,0.0,False,51.66180402440131,75.42133614530033,55.14523496805446,0.10770553704698137,False,False,False,False
21,22,110,21,0.0082241343334317,1.0,True,8.574741019657923,96.68900171917396,65.22557385513201,0.1273936989358047,True,False,False,False
21,23,115,22,0.0063271657563745,1.0,True,5.359680426110843,112.74482811736834,59.13182137046204,0.11549183861418368,True,False,False,False
22,3,15,2,0.011483053676784,0.0,False,0.0,80.24234136194474,84.82331124118798,0.16567052976794527,False,False,False,False
22,4,20,3,0.0548065118491649,0.0,False,19.729638100513057,32.61972724310976,78.32733576575922,0.15298307766749847,False,True,False,False
22,5,25,4,0.2019811868667602,0.0,False,34.300263519707,54.397235488962515,79.80398280365495,0.15586715391338857,False,False,False,False
22,6,30,5,0.2657643854618072,0.0,False,40.47926830932446,62.74840973694552,79.87516233107524,0.15600617642788134,False,False,False,False
22,7,35,6,0.0636376738548278,0.0,False,20.440258027156403,59.42430135621588,78.91648948823617,0.15413376853171126,False,False,False,False
22,8,40,7,0.094253160059452,0.0,False,21.113876174468118,39.54830438327226,80.7747066670767,0.15776309895913418,False,False,False,False
22,9,45,8,0.0439557768404483,0.0,False,5.839973887776473,139.91926961686045,110.95162197665294,0.21670238667315028,False,False,False,False
22,10,50,9,0.0647160336375236,0.0,False,0.0,143.90283938471842,128.52723280569649,0.25102975157362595,False,False,False,False
22,11,55,10,0.0701517462730407,0.0,False,0.0,60.64921619924726,119.3181581307552,0.23304327759913124,False,False,False,False
22,12,60,11,0.067307025194168,0.0,False,0.020596494121383892,48.96641944424779,114.25893979532594,0.22316199178774598,False,False,False,False
22,13,65,12,0.0360807217657566,0.0,False,0.20141412271708325,22.33169528083714,111.94274655541032,0.2186381768660358,False,False,False,False
22,14,70,13,0.0512369275093078,0.0,False,0.060629766773949385,61.20890030197537,136.03235730779073,0.2656881978667788,False,False,False,False
22,15,75,14,0.0594581626355648,0.0,False,0.0,74.09772221055377,154.66227058536418,0.3020747472370394,False,False,False,False
22,16,80,15,0.0943397656083107,0.0,False,0.0,117.7774836600318,139.1344380299002,0.2717469492771488,False,False,False,False
22,17,85,16,0.4666789472103119,0.0,False,24.41292915040586,42.42117455869876,134.83595143846551,0.26335146765325296,False,False,False,False
22,18,90,17,0.4835244715213775,0.0,False,26.601944536894692,45.53974198002245,134.90510966264455,0.26348654230985263,False,False,False,False
23,3,15,2,0.1020830795168876,0.0,False,0.0,102.52126489757399,110.09951298681077,0.21503811130236478,False,False,False,False
23,4,20,3,0.1268288046121597,1.0,True,0.0,194.39759132332756,62.34625228994333,0.12177002400379557,True,False,False,False
23,5,25,4,0.0812225565314292,1.0,True,0.0,157.23991112589977,51.472972976202335,0.10053315034414519,True,False,False,False
23,6,30,5,0.0673538967967033,1.0,True,11.08321286790209,73.46754657098104,45.985018496276,0.08981448925053906,True,True,False,False
23,7,35,6,0.1552295684814453,1.0,True,30.273528544016035,62.95480505664478,47.59685986842792,0.09296261693052328,True,False,False,False
23,8,40,7,0.1176175400614738,1.0,True,30.826725052897164,88.97858896688115,44.01250151605812,0.08596191702355102,True,False,False,False
23,9,45,8,0.1894314289093017,1.0,True,34.89526951385114,68.20723492174757,44.71738959874221,0.08733865156004338,True,False,False,False
23,10,50,9,0.185126855969429,1.0,True,28.486032247608737,101.50119793565437,51.616887910005985,0.10081423419923044,True,False,False,False
23,11,55,10,0.1698396950960159,1.0,True,31.574475735843887,58.666355529706664,40.408267149991936,0.078922396777328,True,False,False,True
23,12,60,11,0.3066506087779999,1.0,True,45.597366234110346,96.89110292754783,33.33552892852561,0.06510845493852659,True,False,False,False
23,13,65,12,0.1142451241612434,1.0,True,7.989739281005043,143.59367607801573,67.54929735209767,0.13193222139081576,True,False,False,False
23,14,70,13,0.1341035813093185,1.0,True,0.0,170.59654584713897,111.71850406417086,0.2182002032503337,True,False,False,False
23,15,75,14,0.1231205463409423,0.0,False,0.0,145.1950311738789,113.90673302766668,0.22247408794466147,False,False,False,False
23,16,80,15,0.0902022421360015,0.0,False,0.0,55.79214412977482,103.67873827611072,0.20249753569552875,False,False,False,False
23,17,85,16,0.1997499018907547,0.0,False,2.4336932065932673,55.743571706980894,104.60187833999058,0.2043005436327941,False,False,False,False
23,18,90,17,0.0651018545031547,0.0,False,2.0725267840749573,37.26669344525009,101.69807936210842,0.198629061254118,False,False,False,False
23,19,95,18,0.0746796950697898,0.0,False,1.7652675268897249,42.99620144570135,101.39265399461517,0.19803252733323276,False,False,False,False
23,20,100,19,0.0835350379347801,0.0,False,0.05723367360430149,75.15028290473198,82.90994769649201,0.16193349159471096,False,False,False,False
23,21,105,20,0.0592195950448513,1.0,True,0.5549307889046533,81.84829043640094,67.4717135930421,0.13178069061141034,True,False,False,False
23,22,110,21,0.4460629522800445,1.0,True,21.24898393516773,49.49850228680556,62.49148314177338,0.12205367801127613,True,False,False,False
23,23,115,22,0.5429283976554871,1.0,True,23.55522794202359,116.67351330123236,61.41285500893486,0.1199469824393259,True,False,False,False
23,24,120,23,0.1602360755205154,1.0,True,0.0,85.51256963283468,85.18562500124223,0.16637817383055123,True,False,False,False
23,25,125,24,0.030655076727271,0.0,False,2.012603217254738,27.135596113926066,77.1534187180905,0.15069027093377052,False,False,False,False
23,26,130,25,0.031919028609991,0.0,False,5.321729904760151,14.437849221763484,76.22515329852199,0.14887725253617576,False,False,False,False
23,27,135,26,0.0511982440948486,0.0,False,4.591731594114306,157.92536334757347,97.83742793584189,0.1910887264371912,False,False,False,False
23,28,140,27,0.2929050028324127,0.0,False,0.0,328.63652946439373,162.28681975607319,0.31696644483608044,False,False,True,False
23,29,145,28,0.3915587663650512,0.0,False,0.0,365.48160251073585,152.2003826506688,0.2972663723645875,False,False,True,False
23,30,150,29,0.1882392764091491,0.0,False,0.0,159.4850424347918,91.57553179117357,0.1788584605296359,False,False,False,False
24,3,15,2,0.0997800827026367,0.0,False,0.0,155.75274791533298,123.25544156975917,0.24073328431593588,False,False,False,False
24,4,20,3,0.0813307538628578,0.0,False,0.0,198.08768843609153,90.31124465692366,0.17638914972055403,False,False,False,False
24,5,25,4,0.043189313262701,1.0,True,0.0,143.39377652430585,60.85946274415812,0.11886613817218383,True,False,False,False
24,6,30,5,0.0632345005869865,1.0,True,0.0,95.18079987760281,44.10304456876968,0.08613875892337829,True,False,False,False
24,7,35,6,0.1728592067956924,1.0,True,34.77601402743833,91.73120668061998,50.19906988067917,0.0980450583607015,True,True,False,False
24,8,40,7,0.1801583766937255,1.0,True,35.716211865049914,108.58617344815958,44.10344807311519,0.0861395470178031,True,False,False,False
24,9,45,8,0.2045574188232422,1.0,True,35.35822043425902,81.35980752090413,45.62329414615207,0.08910799637920326,True,False,False,False
24,10,50,9,0.2259332686662674,1.0,True,30.829954369619525,108.44296178573967,50.654320939229116,0.09893422058443187,True,False,False,False
24,11,55,10,0.1451385170221328,1.0,True,29.332895492809744,56.28100310441715,43.212564923511074,0.08439954086623257,True,False,False,False
24,12,60,11,0.3085878789424896,1.0,True,45.57846433584642,113.04377407937366,37.925728415335406,0.07407368831120197,True,False,False,True
24,13,65,12,0.0911260470747947,1.0,True,7.339747450657674,159.01894815792468,63.63517809137613,0.12428745720971901,True,False,False,False
24,14,70,13,0.1845289915800094,1.0,True,0.0,177.5397618070139,112.10142058461979,0.21894808707933552,True,False,False,False
24,15,75,14,0.1702032089233398,0.0,False,0.0,146.44648144393295,122.77914756969915,0.23980302259706865,False,False,False,False
24,16,80,15,0.0662844106554985,0.0,False,0.0,78.45566597462565,117.91388670181591,0.2303005599644842,False,False,False,False
24,17,85,16,0.3289259374141693,0.0,False,0.39220323502560434,61.070669578666234,113.50717915034608,0.22169370927801968,False,False,False,False
24,18,90,17,0.2713168561458587,0.0,False,0.48620329733259926,54.057229431844966,110.4538825098364,0.21573023927702423,False,False,False,False
24,19,95,18,0.0325164087116718,0.0,False,0.4232251992136706,15.632704026223593,106.48212837634473,0.2079729069850483,False,False,False,False
24,20,100,19,0.087825633585453,0.0,False,0.1376965874416766,95.61827859878271,84.08482643180088,0.1642281766246111,False,False,False,False
24,21,105,20,0.0478245019912719,1.0,True,2.6746132999094416,94.24332355237992,71.28323021211557,0.13922505900803822,True,False,False,False
24,22,110,21,0.2409484833478927,1.0,True,11.837849405066194,37.28140667952808,74.1251125089209,0.14477561036898615,True,False,False,False
24,23,115,22,0.2295984774827957,1.0,True,13.143953830738852,49.55720146567524,74.88330714074091,0.1462564592592596,True,False,False,False
24,24,120,23,0.154932364821434,1.0,True,0.0,57.55422477378154,89.39272069682774,0.17459515761099167,True,False,False,False
24,25,125,24,0.0523064248263835,0.0,False,3.8146786577915304,84.04971537934782,73.86544823700693,0.14426845358790416,False,False,False,False
24,26,130,25,0.005261396523565,0.0,False,0.0,36.59629950378566,78.5152930996176,0.1533501818351906,False,False,False,False
24,27,135,26,0.0211354494094848,0.0,False,0.0,122.33231946937364,94.96205420958462,0.18547276212809496,False,False,False,False
24,28,140,27,0.2012476474046707,0.0,False,0.0,364.6458501838389,190.98440984170833,0.3730164254720866,False,False,True,False
24,29,145,28,0.1258174926042556,0.0,False,0.0,401.8619688754476,188.02527144063808,0.36723685828249625,False,False,True,False
24,30,150,29,0.2379799634218216,0.0,False,0.3671006977681852,129.2644082520747,119.79063757529818,0.23396608901425425,False,False,False,False
25,3,15,2,0.0194243248552083,0.0,False,9.788916840672151,26.849123167947077,72.79563060460985,0.14217896602462862,False,True,False,False
25,4,20,3,0.0250410791486501,0.0,False,12.277769701117371,27.914088086449034,68.24446636013585,0.13328997335964032,False,False,False,False
25,5,25,4,0.0492811612784862,0.0,False,15.451527560843944,30.355818508943738,70.70942273302698,0.13810434127544333,False,False,False,False
25,6,30,5,0.0575995631515979,0.0,False,18.304820964312388,46.165508837028426,69.11415077839017,0.1349885757390433,False,False,False,False
25,7,35,6,0.0985973700881004,0.0,False,20.318698278104733,37.39444659070033,63.60750548168361,0.1242334091439133,False,False,False,False
25,8,40,7,0.0608449764549732,0.0,False,15.459162312523999,47.01285055185863,64.40276756807431,0.12578665540639514,False,False,False,False
25,9,45,8,0.002928101690486,0.0,False,1.3680063445395254,31.228364536005515,67.33676688376994,0.13151712281986316,False,False,False,False
25,10,50,9,0.0213013142347335,0.0,False,0.0,51.168236259580056,67.07111626475944,0.13099827395460828,False,False,False,False
25,11,55,10,0.0367472954094409,1.0,True,6.9652859710684005,23.751326687960326,62.58549181837764,0.12223728870776883,True,False,False,False
25,12,60,11,0.139171227812767,1.0,True,18.637226508399305,33.670502054850125,66.01983282459112,0.12894498598552953,True,False,False,False
25,13,65,12,0.1588973253965377,1.0,True,16.242638227718086,33.08720217937423,64.65218852830058,0.12627380571933708,True,False,False,False
25,14,70,13,0.1428443044424057,1.0,True,19.46167408404712,37.40180395651838,64.16525200180799,0.12532275781603122,True,False,False,False
25,15,75,14,0.0848280265927314,1.0,True,3.835130069288615,139.2316602394697,83.58266038663054,0.16324738356763777,True,False,False,False
25,16,80,15,0.1170980259776115,0.0,False,0.0,113.82094151118616,87.2128151541626,0.17033752959797382,False,False,False,False
25,17,85,16,0.116434134542942,0.0,False,11.151459212359407,72.64956430208437,75.69393006800524,0.14783970716407274,False,False,False,False
25,18,90,17,0.218603178858757,0.0,False,22.670053065804385,42.53865012194082,76.59550355452963,0.14960059287994068,False,False,False,False
25,19,95,18,0.0597861222922802,0.0,False,12.330578165266239,43.93162100687119,77.89829657269871,0.15214511049355217,False,False,False,False
25,20,100,19,0.2233583480119705,0.0,False,0.0,249.50742571131772,129.8014212585953,0.25351840089569394,False,False,True,False
25,21,105,20,0.2151175588369369,0.0,False,0.0,185.89730997487015,172.14385659757937,0.3362184699171472,False,False,False,False
25,22,110,21,0.2141390591859817,0.0,False,0.0,176.65993785957843,146.74156081245005,0.2866046109618165,False,False,False,False
25,23,115,22,0.5221512317657471,0.0,False,17.223142297403022,54.252719407408925,134.84894961966586,0.2633768547259099,False,False,False,False
25,24,120,23,0.0875055491924285,0.0,False,4.499756814575632,203.04382464894067,160.40931102857488,0.3132994356026853,False,False,False,False
25,25,125,24,0.0567812584340572,0.0,False,0.0,286.26691227518904,147.11843021693312,0.2873406840174475,False,False,True,False
26,3,15,2,0.112684927880764,0.0,False,0.0,136.5178476168742,94.971675475446,0.18549155366298048,False,False,False,False
26,4,20,3,0.1230082511901855,0.0,False,0.0,214.83221764379368,119.42563238426652,0.23325318825052055,False,False,False,False
26,5,25,4,0.1098028495907783,0.0,False,0.0,179.55616494968774,117.07801458019199,0.22866799722693748,False,False,False,False
26,6,30,5,0.238182783126831,0.0,False,2.0956503865577867,135.7284162386709,99.86473159137988,0.19504830388941383,False,True,False,False
26,7,35,6,0.3770847022533417,1.0,True,12.429222261343408,53.8250279920296,84.99770191665941,0.1660111365559754,True,False,False,False
26,8,40,7,0.380908727645874,1.0,True,9.52602519948294,48.337291613050816,90.5177812201816,0.1767925414456672,True,False,False,False
26,9,45,8,0.0808290615677833,1.0,True,4.100533837372181,71.0903549714541,77.54192678480295,0.15144907575156827,True,False,False,False
26,10,50,9,0.1429623514413833,1.0,True,11.58908520349866,35.4256212034968,59.845715784505046,0.11688616364161142,True,False,False,False
26,11,55,10,0.0894791707396507,1.0,True,17.35211879232934,40.64704397462047,55.04010137756465,0.10750019800305596,True,False,False,False
26,12,60,11,0.0575105249881744,1.0,True,14.12588816295177,22.604109841031324,59.26607491964951,0.11575405257744045,True,False,False,False
26,13,65,12,0.0027409389149397,1.0,True,2.174870645101431,57.151864065299264,63.54296317412576,0.12410734994946437,True,False,False,False
26,14,70,13,0.4374191761016845,0.0,False,0.0,190.0360818339904,166.41874875195666,0.32503661865616534,False,False,False,False
26,15,75,14,0.1239288076758384,0.0,False,0.0,347.7364120588934,206.49361187950225,0.40330783570215284,False,False,True,False
26,16,80,15,0.0925986766815185,0.0,False,0.0,305.0890210826841,172.0488473381528,0.3360329049573297,False,False,True,False
26,17,85,16,0.0971406325697898,0.0,False,0.12160354351172599,112.85242166798498,123.04976589044966,0.2403315740047845,False,False,False,False
26,18,90,17,0.0886532962322235,0.0,False,0.5594391146819832,58.4784018864426,124.42744780499221,0.24302235899412541,False,False,False,False
26,19,95,18,0.0076285004615783,0.0,False,0.2669874117779237,52.42603682954582,130.07559424988682,0.2540538950193102,False,False,False,False
26,20,100,19,0.0904372856020927,0.0,False,0.0,224.77780276038186,196.92920873417182,0.38462736080892934,False,False,False,False
26,21,105,20,0.226116344332695,0.0,False,0.0,229.36639056803855,165.85305643445793,0.32393175084855064,False,False,True,False
26,22,110,21,0.3017452955245971,0.0,False,0.0,235.7170097004324,128.76413270623652,0.2514924466918682,False,False,True,False
26,23,115,22,0.0774749815464019,0.0,False,0.0,122.6129433863268,83.63927276042298,0.16335795461020114,False,False,False,False
26,24,120,23,0.3079147338867187,0.0,False,20.72382172569142,52.28130996666467,79.32330366625618,0.1549283274731566,False,False,False,False
26,25,125,24,0.1218651831150055,0.0,False,15.728883865216222,35.807713185303086,81.96779901357036,0.1600933574483796,False,False,False,False
26,26,130,25,0.2271458655595779,0.0,False,0.1611449323777763,336.6556358640184,160.1179085762676,0.3127302901880227,False,False,True,False
26,27,135,26,0.2195456475019455,0.0,False,0.0,428.1339794660462,191.61333152522934,0.37424478813521356,False,False,True,False
26,28,140,27,0.4687395095825195,0.0,False,0.0,330.9552314100244,171.91376931609554,0.3357690806954991,False,False,True,False
26,29,145,28,0.0980953946709632,0.0,False,0.0,271.3534643870329,119.92501925749036,0.23422855323728586,False,False,True,False
26,30,150,29,0.0502179153263568,0.0,False,0.0,92.95635099755401,82.30257504560886,0.1607472168859548,False,False,False,False
26,31,155,30,0.1013359501957893,0.0,False,11.182838334202641,30.230933970207772,77.99629133559333,0.15233650651483072,False,False,False,False
26,32,160,31,0.0371932983398437,0.0,False,4.819635516520741,236.08971824662618,96.90981526722227,0.1892769829437935,False,False,True,False
26,33,165,32,0.1954230070114135,1.0,True,0.0,276.84453774402755,89.66728415633578,0.17513141436784332,True,False,True,False
26,34,170,33,0.0154618425294756,1.0,True,0.0,114.02228514628686,62.93719155168325,0.12292420224938135,True,False,False,False
26,35,175,34,0.2224124073982238,1.0,True,6.220599945509934,39.24624578953357,44.58738860929205,0.08708474337752353,True,False,False,False
27,3,15,2,0.1364173591136932,0.0,False,0.0,279.58666617169797,107.99897206351086,0.21093549231154465,False,False,True,False
27,4,20,3,0.0918305143713951,1.0,True,0.0,87.63899020140857,77.66106789681253,0.15168177323596196,True,False,False,False
27,5,25,4,0.116450548171997,1.0,True,14.424071388963236,31.756509919303262,73.4352418875562,0.1434282068116332,True,True,False,False
27,6,30,5,0.061502382159233,1.0,True,8.712100581336285,25.195115708679605,60.708026608288,0.1185703644693125,True,False,False,False
27,7,35,6,0.0832158699631691,1.0,True,14.336275955441883,26.077733951148275,60.13791633425095,0.11745686784033389,True,False,False,False
27,8,40,7,0.033928345888853,1.0,True,8.50318767078036,19.963974252125773,60.466799193464496,0.11809921717473534,True,False,False,False
27,9,45,8,0.0041266498155891,1.0,True,3.0196449303802493,31.571214104880422,62.46030610872998,0.12199278536861324,True,False,False,False
27,10,50,9,0.3748213052749634,1.0,True,0.0,200.87541702343265,115.9793838830942,0.22652223414666836,True,False,False,False
27,11,55,10,0.19895601272583,0.0,False,0.0,321.30946892794003,88.11160588041132,0.17209298023517836,False,False,True,False
27,12,60,11,0.1988889425992965,1.0,True,0.0,181.01394484614258,35.29951931865613,0.06894437366925026,True,False,False,True
27,13,65,12,0.647601306438446,1.0,True,17.7182964264545,74.73223898107702,14.96887979944712,0.029236093358295155,True,False,False,False
28,3,15,2,0.1352908611297607,0.0,False,2.5230355289982676,116.92487369848438,123.09395189236112,0.2404178747897678,False,True,False,False
28,4,20,3,0.1076964139938354,0.0,False,2.084949799637448,99.3484868993173,149.08387307138705,0.2911794395925528,False,False,False,False
28,5,25,4,0.0096018826588988,0.0,False,0.0,51.54443223718998,155.32933898655756,0.30337761520812023,False,False,False,False
28,6,30,5,0.080058678984642,0.0,False,0.0,255.50004507068934,219.04915282746344,0.42783037661613954,False,False,True,False
28,7,35,6,0.1675751954317093,0.0,False,0.0,312.15475227496347,155.34746309082712,0.3034130138492717,False,False,True,False
28,8,40,7,0.1525975912809372,0.0,False,0.0,215.28874133761357,89.48926793118775,0.17478372642810108,False,False,False,False
28,9,45,8,0.0943564400076866,0.0,False,28.38857562372686,158.06638029629724,76.15784028131877,0.14874578179945072,False,False,False,False
28,10,50,9,0.2034074515104293,0.0,False,40.71382127827854,63.781286897667314,79.93248425867795,0.15611813331773036,False,False,False,False
28,11,55,10,0.0726208314299583,0.0,False,16.74989957859307,64.21781190758303,70.1598642829547,0.1370309849276459,False,False,False,False
28,12,60,11,0.0488858334720134,0.0,False,12.381087918104646,110.95275356522849,56.77033070059807,0.11087955214960561,False,False,False,False
28,13,65,12,0.0412195585668087,1.0,True,23.239977508037544,46.09296361491148,53.86133272073092,0.10519791547017758,True,False,False,False
28,14,70,13,0.0559677183628082,1.0,True,26.116676286882818,64.46431438946888,61.81196709567333,0.12072649823373698,True,False,False,False
28,15,75,14,0.0367650650441646,1.0,True,12.557542154694872,118.62065933714892,61.29142050661502,0.11970980567698246,True,False,False,False
28,16,80,15,0.3395639359951019,1.0,True,65.8685033461422,263.3839730212677,53.5307816239178,0.10455230785921445,True,False,True,False
28,17,85,16,0.159768134355545,1.0,True,63.97210100281352,240.49616138839522,57.05439924672283,0.11143437352875553,True,False,True,False
28,18,90,17,0.0380240716040134,1.0,True,22.213982770685927,79.85928281019028,87.7446698022211,0.17137630820746308,True,False,False,False
28,19,95,18,0.0205850936472415,1.0,True,0.5639427486236416,53.853239059721844,125.15399243430852,0.24444139147325883,True,False,False,False
28,20,100,19,0.0179930422455072,0.0,False,0.015468175484844908,30.184620787902315,151.60376288686965,0.2961010993884173,False,False,False,False
29,3,15,2,0.0298902038484811,0.0,False,0.0,114.62865759837206,107.60395248274338,0.21016396969285817,False,False,False,False
29,4,20,3,0.0298302676528692,0.0,False,0.0,97.01740993770022,99.87972497561266,0.19507758784299348,False,False,False,False
29,5,25,4,0.0077112317085266,0.0,False,0.0,74.77766060777206,81.49161516517631,0.159163310869485,False,False,False,False
29,6,30,5,0.0300576444715261,0.0,False,15.365732657689835,53.68756894055678,79.08715403215545,0.15446709771905362,False,True,False,False
29,7,35,6,0.030951740220189,0.0,False,3.9230007782951954,30.722752915824856,87.53602544918391,0.17096879970543732,False,False,False,False
29,8,40,7,0.0820708349347114,0.0,False,0.0,52.05126536930465,67.594097791941,0.13201972224988476,False,False,False,False
29,9,45,8,0.0986860916018486,1.0,True,6.527844736420868,23.89942277684093,55.20709350934437,0.10782635451043822,True,False,False,False
29,10,50,9,0.0389453098177909,1.0,True,15.020047114962235,24.96995861331099,54.22559439912615,0.10590936406079327,True,False,False,False
29,11,55,10,0.2125768512487411,1.0,True,31.18449701515632,46.14430392155721,53.74261706826492,0.10496604896145492,True,False,False,False
29,12,60,11,0.2648908793926239,1.0,True,27.132779517141362,39.94787911645248,53.912178533609776,0.1052972236984566,True,False,False,False
29,13,65,12,0.1556946486234665,1.0,True,16.745868032015157,33.59569504895957,53.959126737957185,0.10538891941007263,True,False,False,False
29,14,70,13,0.0602584592998027,1.0,True,9.475449053679773,23.971781832230917,54.19130217099802,0.10584238705273051,True,False,False,False
29,15,75,14,0.3541630506515503,1.0,True,0.06838358041826129,193.33100944439963,126.01010915737706,0.24611349444800207,True,False,False,False
29,16,80,15,0.0783973932266235,0.0,False,0.0,189.85430290488716,172.77891129240518,0.3374588111179789,False,False,False,False
29,17,85,16,0.1835442781448364,0.0,False,0.0,139.48790211109815,152.27373128252765,0.2974096314111868,False,False,False,False
29,18,90,17,0.2050305157899856,0.0,False,5.827483725487221,45.7646794160762,134.92186760198655,0.26351927266013,False,False,False,False
