adaptive_flops_per_transition,baseline_flops_per_transition,benefit_vs_d1,benefit_vs_matched,benefit_vs_null,call_nondominated,candidate,critic_variant,d1_ci_low,expected_ci_low,expected_matched_raw_mse,family,flop_nondominated,gate_decisions,key,lcb_z,matched_ci_high,matched_ci_low,matched_raw_mse,mean_calls,null_ci_low,raw_mse,solver_latency_seconds,target_mean_calls,whitened_benefit_vs_matched,whitened_ci_low,whitened_mse
72364467.51378447,71344076.6566416,4.691279364602738e-06,3.967694561437757e-06,4.594798379561357e-06,True,v3_repair__full,full,1.8691638497033811e-06,4.1520269114354946e-07,0.003118495466711159,v3_repair,False,3819,z0.00_b1.25,0.0,6.720827360210994e-06,1.6613586400185492e-06,0.0031195011172514527,1.2177318295739348,2.5793476072208605e-06,0.003115533422690015,0.12487729200802278,1.25,-0.00013987055273773617,-0.00021824713183746122,0.07960468977525033
72743335.60401003,71527095.96491228,6.229403793224178e-06,2.1466272063979316e-06,8.031672353224297e-06,True,v3_repair__full,full,2.896603005833561e-06,-4.7093823739610963e-07,0.0031163233480711035,v3_repair,False,4552,z0.00_b1.50,0.0,4.899747806317044e-06,-8.67846779613758e-07,0.0031161419254677916,1.4912280701754386,5.639976789462712e-06,0.0031139952982613935,0.10655562499596272,1.5,-0.000297100535109027,-0.00043006025732015565,0.07968904898541511
73502276.43609023,71905293.93984963,5.488856717839692e-06,-1.9387930604211408e-06,1.1766993781034707e-05,False,v3_repair__full,full,1.2174997065908669e-06,-4.448507327450233e-06,0.003112897040256036,v3_repair,False,5977,z0.00_b2.00,0.0,9.81501224051774e-07,-4.772998525318018e-06,0.003112797052276357,2.056390977443609,8.724053341416551e-06,0.003114735845336778,0.10485012500430457,2.0,-0.0006080481545051344,-0.0007652457143949618,0.07991804285921474
73631999.62406015,71971960.76691729,5.252239959434674e-06,-1.298242762033013e-06,1.214693148633848e-05,False,v3_repair__full,full,8.061381218762961e-07,-3.837045235770274e-06,0.003113982445345441,v3_repair,False,6213,z0.00_b2.50,0.0,1.9617951643214975e-06,-4.465289351545399e-06,0.00311367421933315,2.156015037593985,8.854210293230109e-06,0.003114972462095183,0.11445283400826156,2.5,-0.0005680892629244923,-0.0007298730102634003,0.07998619619603844
72251121.14786968,71289778.8320802,3.239879509221697e-06,1.0737257205500714e-06,2.9856169215265785e-06,True,v3_repair__full,full,7.119480527817498e-07,-2.8806396246196883e-07,0.0031191398867887934,v3_repair,False,3598,z0.50_b1.25,0.5,2.9907541419445055e-06,-1.3522480737281093e-06,0.003118058548265946,1.136591478696742,9.896762848778905e-07,0.003116984822545396,0.07433625000703614,1.25,-9.633332163959496e-05,-0.00015053524957717415,0.07957097003452791
72531350.641604,71423322.13032581,5.391008919542585e-06,2.0445603191651833e-06,6.5810750779097105e-06,True,v3_repair__full,full,2.4846648231327018e-06,2.3389817558511715e-07,0.0031175549617329912,v3_repair,False,4147,z0.50_b1.50,0.5,4.807367095099949e-06,-8.603915546673231e-07,0.0031168782534542402,1.3361528822055138,4.482147083161496e-06,0.0031148336931350754,0.09326095800497569,1.5,-0.00022260837033894168,-0.0003267821661499178,0.07963403673769454
73123095.76441103,71713679.22305764,6.188648729307932e-06,-3.535194599792072e-07,9.588477711842738e-06,False,v3_repair__full,full,2.8664801916454597e-06,-2.6071180585400606e-06,0.003114108931588114,v3_repair,False,5275,z0.50_b2.00,0.5,2.3255321695186304e-06,-3.0671385044334417e-06,0.003113682533865331,1.7700501253132832,6.859463315722541e-06,0.00311403605332531,0.10871162499825004,2.0,-0.00048661947855047023,-0.000631639981780822,0.07979689946138288
73248893.25814536,71776153.1679198,6.389435253267697e-06,7.251102560028238e-07,1.0886492867697903e-05,False,v3_repair__full,full,2.8096539686169338e-06,-3.3449532564243864e-06,0.0031133674752825734,v3_repair,False,5512,z0.50_b2.50,0.5,4.492451627360205e-06,-2.3553836745988864e-06,0.003114560377057353,1.863408521303258,8.126138715867951e-06,0.0031138352668013502,0.11226025001087692,2.5,-0.0005273325933868228,-0.0006797493963187374,0.07983475541853312
72186769.34837092,71260428.6566416,2.152093684412819e-06,1.4566424107855947e-06,2.0702542237620005e-06,True,v3_repair__full,full,-3.001635493837554e-07,-8.66715267273928e-07,0.003119488221965893,v3_repair,False,3467,z1.00_b1.25,1.0,3.297698908898469e-06,-3.0051176914744397e-07,0.0031195292507809904,1.0927318295739348,2.2926498175657684e-07,0.003118072608370205,0.0718727920029778,1.25,-6.168919897794249e-05,-0.00010911804393830098,0.07956068826814693
72356743.64411028,71340093.41854636,4.236649705521893e-06,3.1949561786602126e-06,4.507090439678597e-06,True,v3_repair__full,full,1.8201591085568474e-06,3.493363384915928e-07,0.003118542740770909,v3_repair,False,3805,z1.00_b1.50,1.0,5.603237798624791e-06,5.862540883457945e-07,0.003119183008527756,1.2117794486215538,2.474181577585533e-06,0.003115988052349096,0.056087499993736856,1.5,-0.00013242977792362148,-0.00021811495204879984,0.0795898761331299
72818346.29072681,71563364.39598997,6.3641256067632255e-06,1.7039022175157514e-06,8.32113353471344e-06,True,v3_repair__full,full,3.3441695019351565e-06,-5.044166369927282e-07,0.003115892905316545,v3_repair,False,4697,z1.00_b2.00,1.0,4.0753541561160885e-06,-6.665655039848972e-07,0.0031155644786653703,1.5454260651629073,5.880328937888308e-06,0.0031138605764478547,0.09237374999793246,2.0,-0.00027895668256832653,-0.00041818596575427913,0.07968593222696961
72926866.79197995,71615775.42355889,5.9473103941225665e-06,8.047935531741909e-07,8.294863635040983e-06,False,v3_repair__full,full,2.6341522186470106e-06,-1.5116694801911555e-06,0.0031152708782145816,v3_repair,False,4907,z1.00_b2.50,1.0,3.202599417588196e-06,-1.526634784561321e-06,0.0031150821852136694,1.6237468671679198,5.765426733506915e-06,0.003114277391660495,0.10505562499747612,2.5,-0.00036260513248041173,-0.0005154061873091254,0.07972558761589393
71374364.78696741,71367766.44110276,3.852091557425062e-06,3.047096666285913e-06,2.9405735923709083e-06,True,v3_repair__compact,compact,5.85619431089834e-07,-8.700103553298116e-07,0.003118214310461072,v3_repair,True,3989,z0.00_b1.25,0.0,6.2230115767953724e-06,3.028224810784601e-07,0.003119419707163479,1.2531328320802004,4.944074508810054e-07,0.003116372610497193,0.08894179199705832,1.25,-9.92619735422551e-05,-0.0001597745544610094,0.07956166723990793
71540011.03258145,71532127.42355889,5.428158381751348e-06,1.266031660023437e-06,3.1139513469367685e-06,False,v3_repair__compact,compact,1.8453812842374174e-06,-7.199368580120372e-07,0.003116263633469315,v3_repair,False,4766,z0.00_b1.50,0.0,3.9769209024028385e-06,-1.641355770413809e-06,0.00311606257533289,1.4987468671679198,8.162216438182004e-07,0.0031147965436728662,0.05881454200425651,1.5,-0.00011216454827532375,-0.0001899786541735915,0.0795010795931024
71869692.10526316,71859381.87969925,5.002810795853302e-06,-2.718779974646824e-06,9.756642297484485e-07,False,v3_repair__compact,compact,5.50928582430189e-07,-4.970758578925156e-06,0.003112379696244656,v3_repair,False,6233,z0.00_b2.00,0.0,-6.800855172379789e-07,-4.8995656947053725e-06,0.0031125031112841177,1.987781954887218,-1.259734204736594e-06,0.0031152218912587643,0.10278112499509007,2.0,-0.00015862163742617295,-0.00021310080666257092,0.07942545373767788
72078317.04761904,72066719.90476191,2.615515964443009e-06,-2.3814169061982907e-06,1.8503348124832064e-06,False,v3_repair__compact,compact,-2.126655526079042e-06,-4.374405793713316e-06,0.0031155252223907595,v3_repair,False,7011,z0.00_b2.50,0.0,-1.5368530279702973e-07,-4.806202956014178e-06,0.0031152277691839764,2.2976190476190474,-6.559302376520192e-07,0.003117609186090175,0.10108237499662209,2.5,-5.494211284191853e-05,-0.00012798893912175657,0.0795948669533985
71346686.37092732,71340303.06265664,3.6163275722527462e-06,8.901381836112887e-07,2.7667278059049832e-06,True,v3_repair__compact,compact,3.7648384446734367e-07,-8.45542649779328e-07,0.003118540252662501,v3_repair,True,3859,z0.50_b1.25,0.5,3.463469872479533e-06,-1.8242618070165052e-06,0.0031174985126659763,1.212092731829574,4.803380175771727e-07,0.003116608374482365,0.054579249990638345,1.25,-0.00010505398052251404,-0.00016007747307787273,0.07956910378696117
71495225.72932331,71487682.87218045,5.865033446005277e-06,1.771460359266616e-06,4.322191470645177e-06,True,v3_repair__compact,compact,2.397819653174281e-06,1.9086322648468266e-07,0.0031167911124517804,v3_repair,True,4560,z0.50_b1.50,0.5,4.857245518055753e-06,-9.572402126294963e-07,0.003116131128967879,1.4323308270676691,1.9866295503805465e-06,0.0031143596686086126,0.05447641698992811,1.5,-0.0001165147910172583,-0.00018482982731596076,0.07950774966990196
71811245.19799499,71801310.46115288,5.655957636890821e-06,-1.9311576540888823e-06,9.839255507903543e-07,False,v3_repair__compact,compact,1.3663637661207342e-06,-3.521754765709542e-06,0.003113068902273631,v3_repair,False,6006,z0.50_b2.00,0.5,3.48253542185937e-07,-4.2491489178777514e-06,0.0031126375867636382,1.9010025062656641,-1.1712637467753025e-06,0.003114568744417727,0.0834188750013709,2.0,-0.00011767677308287376,-0.00017688712783061212,0.07938804636591229
71996507.01253133,71985377.98997493,3.91135260011688e-06,-2.327853111555464e-06,1.8087664369189117e-06,False,v3_repair__compact,compact,-7.547956734459796e-07,-4.178430165396468e-06,0.003114200891652743,v3_repair,False,6728,z0.50_b2.50,0.5,-9.163496248849475e-08,-4.79823211276369e-06,0.0031139854963429456,2.176065162907268,-5.627842055626952e-07,0.003116313349454501,0.08342770799936261,2.5,-0.00010859119657920555,-0.0001820811652020026,0.07951704909316555
71320277.39849624,71314097.54887219,2.9714259685613544e-06,1.6321603089593174e-06,2.3655553368348535e-06,True,v3_repair__compact,compact,-9.566889836188484e-08,-1.3280373543689066e-06,0.003118851266213483,v3_repair,True,3736,z1.00_b1.25,1.0,4.452950306221279e-06,-6.994332960445134e-07,0.0031188854363950157,1.1729323308270676,3.164025047978696e-08,0.0031172532760860563,0.04110337499878369,1.25,-0.000105221881452195,-0.00016822154917847077,0.07957765597391472
71452969.38847117,71445754.05012532,5.6219475315667845e-06,2.641801145450004e-06,4.609832213009897e-06,True,v3_repair__compact,compact,2.251426560593373e-06,2.7161144743222243e-07,0.0031172887341333506,v3_repair,True,4362,z1.00_b1.50,1.0,6.288347091974896e-06,-8.293579688377703e-07,0.003117244555668501,1.3696741854636592,2.0886827514276096e-06,0.003114602754523051,0.04089254100108519,1.5,-8.599471816737373e-05,-0.00014837861987623707,0.07952121504315782
71756977.93984963,71747431.92481203,6.534555814369584e-06,-4.428407021379215e-07,1.6766433255545058e-06,False,v3_repair__compact,compact,2.626909436846581e-06,-1.9629335414567594e-06,0.003113708346134449,v3_repair,False,5771,z1.00_b2.00,1.0,1.3679007827620139e-06,-2.437287526106928e-06,0.0031132473055381104,1.8204887218045114,-4.972194758357503e-07,0.0031136901462402483,0.06649616699723992,2.0,-5.3277375013114216e-05,-0.00012419109765423927,0.07934921864043289
71915517.358396,71904874.65162908,5.320704960860055e-06,-2.1344514383950776e-06,1.7267728773211793e-06,False,v3_repair__compact,compact,9.53369344141376e-07,-3.9919185912030194e-06,0.003112890213808932,v3_repair,False,6434,z1.00_b2.50,1.0,-2.745469363364289e-07,-4.149932118750821e-06,0.0031127695456553625,2.055764411027569,-3.909154982826283e-07,0.003114903997093758,0.09353787500003818,2.5,-0.00013206037411526015,-0.00018741425246522926,0.07943084277359691
72293472.10526316,71255981.21804512,2.4110250006357492e-05,1.302639369746054e-05,1.358951660112961e-05,True,stagewise__full,full,1.444173706210009e-05,6.449609481576875e-06,0.003109855179324616,stagewise,False,3883,z0.00_b1.25,0.0,2.1606313888135864e-05,4.795310494153269e-06,0.0031091408457457207,1.2174185463659148,5.733494428550285e-06,0.0030961144520482604,0.06302537499868777,1.25,0.0005287850875626682,0.00018419271224316222,0.07816253519120749
72541854.06015037,71315995.65413533,4.229780103758043e-05,2.422500984723689e-05,2.0911378733376695e-05,True,stagewise__full,full,2.996021476315663e-05,1.4252966943814599e-05,0.0030990523480079113,stagewise,False,4588,z0.00_b1.50,0.0,3.2598366519174164e-05,1.5608560403863733e-05,0.0031021519108642742,1.443922305764411,1.2516118033573846e-05,0.0030779269010170374,0.05574704099853989,1.5,0.0004892933440049571,5.163357298965043e-05,0.07736691076654648
73017790.18045112,71439510.84210527,5.809797514124977e-05,1.3312176590607989e-05,2.3865322107571717e-05,True,stagewise__full,full,4.344780463360619e-05,9.442185930371745e-06,0.0030768191350075604,stagewise,False,5907,z0.00_b2.00,0.0,1.9773242784048987e-05,6.061755139764735e-06,0.003075438903503976,1.9100877192982457,1.5876176658230977e-05,0.003062126726913368,0.08125645799736958,2.0,9.688765063638511e-05,-0.00020583168221199633,0.07616350671459195
73501920.34586467,71583777.90977444,6.563877480432512e-05,1.110390304919813e-05,1.8032353287060887e-05,True,stagewise__full,full,4.9937882964254e-05,7.018372626563511e-06,0.0030658967106920493,stagewise,False,7179,z0.00_b2.50,0.0,1.5512907875722645e-05,6.800679930302409e-06,0.003065689830299491,2.4545739348370925,1.1637193883392397e-05,0.0030545859272502925,0.09828437500982545,2.5,-6.851105893018863e-05,-0.0003490339581971165,0.07534923607219604
72218631.44360903,71238051.59398496,1.929459213991101e-05,1.1539527916108471e-05,1.027909006335817e-05,True,stagewise__full,full,1.0918664502196294e-05,5.470647017609433e-06,0.003113082581211763,stagewise,False,3670,z0.50_b1.25,0.5,2.0994857848399574e-05,2.6755191792014328e-06,0.003112469637830815,1.149749373433584,2.756932968294768e-06,0.0031009301099147067,0.045895749994087964,1.25,0.0004236465090929578,6.485712453113397e-05,0.07850418230253406
72430961.42857143,71289267.23308271,3.770066355617675e-05,2.152826498257624e-05,2.0590940043814527e-05,True,stagewise__full,full,2.5980549713280574e-05,1.3764576086202063e-05,0.0031038635674878264,stagewise,False,4273,z0.50_b1.50,0.5,3.1046028523081514e-05,1.2600769542885539e-05,0.003104052303481017,1.343045112781955,1.20817235563978e-05,0.003082524038498441,0.06468108299304731,1.5,0.0006536607199532458,0.00018499849652457622,0.07765940058873678
72818874.09022556,71387548.13533835,5.2042496230897906e-05,2.1701104307160912e-05,2.2114460029899562e-05,True,stagewise__full,full,3.8573217033100765e-05,1.1838892467275694e-05,0.0030861726238101276,stagewise,False,5357,z0.50_b2.00,0.5,3.052991763897603e-05,1.2519981797062008e-05,0.003089883310130881,1.7139724310776943,1.4656073562262576e-05,0.00306818220582372,0.07734820801124442,2.0,0.000599870396684934,0.00020621721276753617,0.07651236810753975
73243486.90225564,71506497.90977444,6.205087670525955e-05,1.16916395509954e-05,2.1948704087113574e-05,True,stagewise__full,full,4.6294788939221936e-05,6.667784231237159e-06,0.003070153365547295,stagewise,False,6501,z0.50_b2.50,0.5,1.7036485653699585e-05,6.300964751085361e-06,0.0030698654649003536,2.162907268170426,1.4425120841445376e-05,0.0030581738253493583,0.10381220901035704,2.5,6.144604940100296e-06,-0.0003085421119746586,0.07572957785043645
72167502.90225564,71225932.4962406,1.6989518273685988e-05,9.905603105368041e-06,1.0393516678143675e-05,True,stagewise__full,full,1.0235581287002119e-05,6.295775609402894e-06,0.003115264065820668,stagewise,False,3524,z1.00_b1.25,1.0,1.745097714703939e-05,2.655651571289935e-06,0.0031131407868863,1.1040100250626566,4.32524909199327e-06,0.0031032351837809316,0.047345667000627145,1.25,0.00039843536044566647,8.764695885474444e-05,0.07873801855729361
72325487.74436091,71263949.93984963,3.075718009575412e-05,2.0553790244249332e-05,1.9366149614794987e-05,True,stagewise__full,full,2.1299771414166676e-05,1.198114929289487e-05,0.0031084207784858827,stagewise,False,3973,z1.00_b1.50,1.0,3.0073644982047353e-05,1.1038068209346332e-05,0.003110021312203113,1.2474937343358397,1.2310528559499377e-05,0.0030894675219588635,0.044478000010713004,1.5,0.0005773809102836458,0.00016815259957074017,0.07803953190510082
72638528.70676692,71341063.92481203,4.7518506887302336e-05,2.2288223346394782e-05,2.3102141588659058e-05,True,stagewise__full,full,3.512687851064112e-05,1.4966356632755549e-05,0.003094539962036066,stagewise,False,4856,z1.00_b2.00,1.0,3.0401174663986923e-05,1.3591062532642517e-05,0.00309499441851371,1.538533834586466,1.4835644802966308e-05,0.0030727061951673156,0.06363674999738578,2.0,0.0006562756848872805,0.00022647472152631778,0.07703555924292863
72969400.88721804,71430130.9924812,5.7839987254138446e-05,1.31371186733687e-05,2.7420483713016675e-05,True,stagewise__full,full,4.344131393303369e-05,1.0351246644961187e-05,0.0030785075443281514,stagewise,False,5761,z1.00_b2.50,1.0,1.9205817032908777e-05,6.284551084930248e-06,0.003075521833473848,1.8746867167919798,1.9263598415251127e-05,0.0030623847148004792,0.06938674999400973,2.5,0.00012372090486255662,-0.0001890937529300103,0.07616789084461321
71264862.72180451,71258388.43609023,6.3347790346779676e-06,-5.636548089945367e-06,-7.977359417597191e-06,False,stagewise__compact,compact,1.4945962583736087e-07,-9.678253765271345e-06,0.0031094218707379143,stagewise,False,3914,z0.00_b1.25,0.0,6.448103898067142e-07,-1.2452038501400702e-05,0.0031082533749299942,1.2265037593984962,-1.5937870285827677e-05,0.00311388992301994,0.06170024999300949,1.25,-0.00042896747085201784,-0.0006872878003375547,0.07905593373700272
71329859.71428572,71322138.21052632,2.181028347943249e-05,2.634915664227782e-06,-4.002202121613263e-06,True,stagewise__compact,compact,1.2322305274050963e-05,-6.357845242436482e-06,0.003097946664028056,stagewise,True,4668,z0.00_b1.50,0.0,1.0155106178728628e-05,-4.38516794325405e-06,0.003101049334239413,1.4671052631578947,-1.2849080360097457e-05,0.0030984144185751852,0.046660750012961216,1.5,-0.0005293976518816909,-0.0008856404977098306,0.07825728449081744
71478089.33834587,71467567.38345864,4.818174736892319e-05,1.584375512034616e-07,3.669149018628616e-06,True,stagewise__compact,compact,3.468788097205033e-05,-2.4654748271575835e-06,0.00307229769543678,stagewise,True,6361,z0.00_b2.00,0.0,3.0285126799902084e-06,-2.7118204439159994e-06,0.003072201392236898,2.0159774436090228,-2.1118396084728198e-07,0.0030720429546856947,0.06984079199901316,2.0,-0.0001811536091462938,-0.00040086475604704736,0.0760917793390987
71599966.18045112,71587679.26315789,5.662551202681756e-05,1.9545054817712285e-06,2.86036030824686e-06,True,stagewise__compact,compact,4.127292561229992e-05,-6.277783160483137e-07,0.003065681820489905,stagewise,True,7428,z0.00_b2.50,0.0,5.099033081851098e-06,-1.1335185559632496e-06,0.0030655536955095713,2.469298245614035,-4.506450501882714e-07,0.0030635991900278,0.04378049999650102,2.5,-0.00012957082315845982,-0.00029298239946876125,0.07539300260252958
71258514.75187969,71252162.87218045,6.4061759096654345e-06,-3.9927537800577284e-06,-6.20832874493342e-06,False,stagewise__compact,compact,6.632347438262109e-07,-8.229487152649953e-06,0.003110542496393174,stagewise,False,3840,z0.50_b1.25,0.5,3.1327912415633656e-06,-1.0817736060254129e-05,0.003109825772364895,1.2030075187969924,-1.3539819316466584e-05,0.0031138185261449522,0.03866733300674241,1.25,-0.00032804415904767335,-0.0005603108279986268,0.07914323882532442
71315641.518797,71308192.94736843,1.6890603617588783e-05,-4.905721675697948e-06,-5.937880233343326e-06,False,stagewise__compact,compact,8.55759031277248e-06,-8.671317998704247e-06,0.003100456865495838,stagewise,False,4503,z0.50_b1.50,0.5,3.447901489788473e-06,-1.3134833701733351e-05,0.003098428376761331,1.4144736842105263,-1.4346765058696761e-05,0.003103334098437029,0.04424891599046532,1.5,-0.0004885693722853993,-0.0008968392156599587,0.07845932704572704
71464135.05263157,71453871.14285715,4.591985554524807e-05,-2.412840116822761e-07,2.7575751071134093e-06,False,stagewise__compact,compact,3.2289472004147934e-05,-3.6914550760657287e-06,0.0030742342251627616,stagewise,False,6205,z0.50_b2.00,0.5,3.913550090898812e-06,-4.076810795992141e-06,0.0030740635624976875,1.9642857142857142,-1.8706527841634826e-06,0.00307430484650937,0.07003812500624917,2.0,-0.0002469499798619834,-0.0005000111615106993,0.07631164944176771
71590624.9774436,71578465.42857143,5.571924538843516e-05,-3.1625637247747647e-07,2.56412467227217e-06,False,stagewise__compact,compact,4.0685134151720935e-05,-9.38656262264749e-07,0.0030661893271375228,stagewise,False,7351,z0.50_b2.50,0.5,3.0493762493361117e-06,-3.29042751790505e-06,0.003064189200293705,2.4345238095238093,-7.873665943539303e-07,0.0030645054566661827,0.056260583995026536,2.5,-0.00010715308714746341,-0.00028049413150389073,0.07544398825071803
71253689.03759399,71247431.44360903,6.042577452195533e-06,-5.092088090498607e-06,-4.741357319070992e-06,False,stagewise__compact,compact,5.687349459690625e-07,-7.632315699068229e-06,0.003111394171891172,stagewise,False,3783,z1.00_b1.25,1.0,1.5537696563206046e-06,-1.2140183521171052e-05,0.003109090036511924,1.1851503759398496,-1.2042375346298507e-05,0.003114182124602422,0.03204170901153702,1.25,-0.00029936120086394656,-0.0005222145274793931,0.07916152324135749
71301936.25563909,71294745.72932331,1.4221352481436134e-05,-3.27565108923671e-06,-7.219791105559754e-06,False,stagewise__compact,compact,6.202135396929328e-06,-8.759317359444194e-06,0.0031028774169111983,stagewise,False,4347,z1.00_b1.50,1.0,3.944313960945826e-06,-9.788891924686676e-06,0.0031027276984839447,1.3637218045112782,-1.6088729794512832e-05,0.0031060033495731816,0.03905270900577307,1.5,-0.0005116321326731414,-0.0008983065774712732,0.07864030539046982
71448064.22556391,71438099.71428572,4.314110580587265e-05,1.6971603133669005e-06,7.807575457263738e-07,True,stagewise__compact,compact,2.9919685308632873e-05,-3.743904225162543e-06,0.003077073143489419,stagewise,True,6024,z1.00_b2.00,1.0,6.134576521884112e-06,-2.7385724473546667e-06,0.003078780756562112,1.9047619047619047,-5.260891227811598e-06,0.0030770835962487452,0.054322083000442944,2.0,-0.0003483120439062912,-0.0006141268411819586,0.07662658284695989
71582950.54135339,71570911.74436091,5.5695015957221894e-05,8.465124626485234e-07,2.467225401727646e-06,True,stagewise__compact,compact,4.096596642085117e-05,-5.872047881191804e-07,0.0030666053911459303,stagewise,False,7278,z1.00_b2.50,1.0,4.173639469916721e-06,-2.466615096591225e-06,0.0030653761985600446,2.406015037593985,-9.842369275847096e-07,0.0030645296860973958,0.06277791700267699,2.5,-9.89186049377818e-05,-0.0002561744312023989,0.07545092425667083
72287619.95488721,71254404.07518797,3.0254848875609557e-05,1.270233052334851e-05,1.2799802397168883e-05,True,contractive__full,full,2.1023089905618254e-05,6.949214813714074e-06,0.003104247410826072,contractive,False,3867,z0.00_b1.25,0.0,2.107899360674408e-05,4.820757645543306e-06,0.0031026721837023566,1.211466165413534,4.065507276489616e-06,0.003089969853179008,0.05949891700583976,1.25,0.0002804410068014498,9.702472208541513e-06,0.07828524861057473
72558653.09774436,71318900.91729324,4.8642991201714015e-05,1.789604553358774e-05,1.724151952475494e-05,True,contractive__full,full,3.653229178874205e-05,6.758700567162576e-06,0.0030858557733674345,contractive,False,4640,z0.00_b1.50,0.0,2.6165916943069363e-05,1.0075906320388751e-05,0.0030894777563864914,1.4548872180451127,9.489837375303636e-06,0.0030715817108529038,0.056245917003252544,1.5,0.00037657591660981656,-1.164156413690354e-05,0.0772030790613176
73118978.75187969,71455199.26315789,6.606651818618134e-05,-7.038975726707458e-06,7.217059685541714e-06,False,contractive__full,full,5.265375077424848e-05,-1.1456536827318648e-05,0.0030469895330751794,contractive,False,6227,z0.00_b2.00,0.0,-2.649015214571084e-06,-1.1227759706916068e-05,0.003047119208141729,1.969298245614035,4.935980099421166e-07,0.0030541581838684365,0.07385383399378043,2.0,-0.00047880043322382914,-0.0006190091463966967,0.07594958907498095
73563703.08270676,71581702.72180451,6.237629257836368e-05,6.955545594014769e-07,4.772394438937101e-06,False,contractive__full,full,4.763084170279622e-05,-2.762033663897225e-06,0.0030582062394933452,contractive,False,7418,z0.00_b2.50,0.0,4.34062787877465e-06,-2.582945757910093e-06,0.0030585439640356555,2.4467418546365916,-1.3405996708714048e-06,0.0030578484094762543,0.12969654200423975,2.5,-0.000121807601509224,-0.00023520510272472464,0.07576438773771596
72226685.93984963,71239960.76691729,2.4907743540198023e-05,1.3124971462131821e-05,1.1186685393719623e-05,True,contractive__full,full,1.656491059751497e-05,6.038471617246924e-06,0.003108366001453875,contractive,False,3693,z0.50_b1.25,0.5,2.0962496683867192e-05,4.9451074112295105e-06,0.0031084419299765515,1.156954887218045,3.139647400585228e-06,0.0030953169585144196,0.034798332999343984,1.25,0.0002574440271889983,-4.0243821621277376e-05,0.0785735122159953
72439770.81203008,71290595.35338345,4.364624076795981e-05,1.750833172608461e-05,1.875156195731285e-05,True,contractive__full,full,3.243842241552689e-05,9.948985598404216e-06,0.003093927264195485,contractive,False,4301,z0.50_b1.50,0.5,2.607237184476393e-05,9.728210600936073e-06,0.0030940867930127425,1.3480576441102756,1.065801105912322e-05,0.003076578461286658,0.03689033299451694,1.5,0.0005372544464616033,0.0001349519882162989,0.07760801363605795
72949307.77443609,71413778.5112782,6.397001624621164e-05,1.6946479288498197e-06,1.1658777806961578e-05,True,contractive__full,full,5.0633197518489074e-05,-2.6316636708895174e-06,0.0030588008935537644,contractive,False,5747,z0.50_b2.00,0.5,8.448219295472363e-06,-4.213673339637765e-06,0.003057949333737256,1.8129699248120301,5.1403831850693875e-06,0.003056254685808406,0.16294799999741372,2.0,9.824150706671417e-06,-0.00022228223355914807,0.07623080857077251
73383609.4887218,71529324.9774436,6.629831771358128e-05,-2.113841577269076e-06,6.596802972066905e-06,False,contractive__full,full,5.253405813567596e-05,-5.338355602848038e-06,0.0030522164421673383,contractive,False,6940,z0.50_b2.50,0.5,1.6750135703142475e-06,-6.327553740477543e-06,0.003051812542763767,2.2490601503759398,5.624839551481383e-07,0.0030539263843410366,0.07639612500497606,2.5,-0.00024248961632757836,-0.000380863250752811,0.07576494529768754
72179059.35338345,71228671.74436091,1.9498877305354233e-05,8.750976540934863e-06,8.753758692065894e-06,True,contractive__full,full,1.2611415354114253e-05,5.082061957229173e-06,0.0031115851297606636,contractive,False,3557,z1.00_b1.25,1.0,1.61512183708544e-05,1.6048912365839452e-06,0.0031094768012901986,1.1143483709273183,2.004503158629693e-06,0.0031007258247492636,0.03420766699127853,1.25,0.00019996470671198265,-3.8385341855928506e-05,0.07881451804891428
72348019.59398496,71268847.38345864,3.599236630467012e-05,1.7529825935181682e-05,1.5367010206332487e-05,True,contractive__full,full,2.5193569860691734e-05,8.09356525888081e-06,0.003100128820198269,contractive,False,4039,z1.00_b1.50,1.0,2.6726849499023034e-05,8.285699721655467e-06,0.0031017621616851294,1.2659774436090225,6.564683659271487e-06,0.0030842323357499475,0.034400208009174094,1.5,0.0004344035563960673,0.00010607886667985428,0.07798433425146555
72773701.63909775,71370697.60902256,5.857006151854693e-05,1.0036439840191097e-05,1.610222743305653e-05,True,contractive__full,full,4.610891880103262e-05,3.417927036872616e-06,0.0030710856552539348,contractive,False,5251,z1.00_b2.00,1.0,1.730455947074831e-05,2.9158273233556846e-06,0.0030716910803762617,1.650375939849624,9.820718255730954e-06,0.003061654640536071,0.05639599999994971,2.0,0.00031264650911933553,3.005557374571105e-07,0.0765859093041178
73206690.87218045,71482259.71428572,6.627523409069065e-05,-6.923002587983801e-06,8.967248573015213e-06,False,contractive__full,full,5.281527502327726e-05,-1.129103309390438e-05,0.003046834167866473,contractive,False,6454,z1.00_b2.50,1.0,-2.8829820942868047e-06,-1.048159392028761e-05,0.0030470264653759435,2.0714285714285716,2.53313042060684e-06,0.003053949467963927,0.06310733300051652,2.5,-0.0004835296798971787,-0.0006474553964838733,0.07591737665648937
71264610.39097744,71258139.41353384,1.5272925628137945e-05,-3.488471965030662e-06,-3.0084800683131165e-06,False,contractive__compact,compact,9.452296748769326e-06,-7.221622833160958e-06,0.0031031822580775024,contractive,False,3912,z0.00_b1.25,0.0,2.031142419144811e-06,-9.29000021678894e-06,0.003101463304461449,1.2255639097744362,-9.748437209884542e-06,0.00310495177642648,0.058621459000278264,1.25,-0.00029897950678146504,-0.0004916718390913954,0.07879991842287211
71334879.56390977,71327035.65413533,3.20087875345171e-05,-2.13667144429961e-06,-7.212306132842378e-06,False,contractive__compact,compact,2.332751122968173e-05,-1.085739817990123e-05,0.0030835361073816604,contractive,False,4742,z0.00_b1.50,0.0,4.975312889596204e-06,-8.584798123043574e-06,0.003086079243075801,1.4855889724310778,-1.4159512022416222e-05,0.0030882159145201008,0.04186399999889545,1.5,-0.000400873784397763,-0.0007123457964473087,0.07781848554986387
71475575.65413533,71464994.15037593,7.198942950439469e-05,-3.4218248497621207e-06,-2.0542988875463025e-07,False,contractive__compact,compact,6.015691500086766e-05,-5.862215025403332e-06,0.0030448597180347627,contractive,False,6397,z0.00_b2.00,0.0,-1.3587324003155655e-06,-5.68074612446775e-06,0.003044813447700461,2.006265664160401,-2.8348358416012086e-06,0.003048235272550223,0.05336229200474918,2.0,-0.00021441872824973056,-0.00029953960760370046,0.07558697370572241
71599854.15037593,71587347.23308271,5.5561638107878696e-05,-5.365707396945675e-06,-4.877952983463417e-06,False,contractive__compact,compact,4.1188578172824646e-05,-9.62229596863057e-06,0.003058851732707558,contractive,False,7561,z0.00_b2.50,0.0,-1.2598306683888104e-06,-9.488399672976409e-06,0.0030592973565497935,2.468045112781955,-8.589180973908433e-06,0.003064663063946739,0.049155208995216526,2.5,-0.0001517924482022063,-0.00028163760256915034,0.0758107553242016
71259784.67669173,71253407.9849624,1.4406918358544407e-05,-8.755618875424954e-07,-2.9370776862098617e-06,False,contractive__compact,compact,8.643251481101433e-06,-6.6870082345291115e-06,0.0031045314515590235,contractive,False,3855,z0.50_b1.25,0.5,5.2530834364462155e-06,-7.3554498048633135e-06,0.003104942221808531,1.2077067669172932,-9.974899620644458e-06,0.003105817783696073,0.03073937499721069,1.25,-0.0001970241304080983,-0.00038327755077849525,0.07886666965867047
71318878.5112782,71311347.23308271,2.829783043490354e-05,-4.351770116601555e-06,-6.532625871171292e-06,False,contractive__compact,compact,2.0163373181887146e-05,-9.897843206826004e-06,0.0030880097489256538,contractive,False,4553,z0.50_b1.50,0.5,3.1439156257129467e-06,-1.1847891011556905e-05,0.0030875751015031127,1.4263784461152882,-1.4043241606345518e-05,0.0030919268716197144,0.16966583298926707,1.5,-0.0003011308303263349,-0.0006727352574698058,0.07805400925024251
71471005.57894737,71460511.74436091,7.15392970253613e-05,-2.847488893048352e-06,1.0041039148059657e-06,False,contractive__compact,compact,5.9297468905605e-05,-5.830048642244138e-06,0.003045474649166103,contractive,False,6344,z0.50_b2.00,0.5,-9.488132128811922e-07,-4.956235262400246e-06,0.003045837916136208,1.9893483709273183,-2.4153074834035952e-06,0.0030486854050292564,0.04404004100069869,2.0,-0.00023175433279413711,-0.0003281088623730054,0.07564998888243332
71591432.64661655,71579046.481203,5.707175935419302e-05,-5.728154156032021e-06,-4.395161739554615e-06,False,contractive__compact,compact,4.295193083587373e-05,-8.920842725280356e-06,0.003057902477980774,contractive,False,7488,z0.50_b2.50,0.5,-1.4424944324707755e-06,-1.0124760077892652e-05,0.0030574247885443925,2.4367167919799497,-8.201926607569448e-06,0.0030631529427004246,0.08934700000099838,2.5,-0.00013808165846591606,-0.00026178087149479455,0.07578519359031478
71254958.96240601,71248676.55639097,1.255084562376795e-05,-3.1212025498831294e-06,-3.1983755960888963e-06,False,contractive__compact,compact,6.968805195228605e-06,-7.0097378924827374e-06,0.003105880645040546,contractive,False,3798,z1.00_b1.25,1.0,3.4572556122517753e-06,-1.0352134499623016e-05,0.0031045526538809667,1.1898496240601504,-9.629051173829055e-06,0.00310767385643085,0.030574791991966777,1.25,-0.00018569338042505584,-0.0003468283401538101,0.07892570644709357
71306179.26315789,71298896.10526316,2.4573463818348973e-05,-4.531605921791899e-06,-5.515619978497743e-06,False,contractive__compact,compact,1.6482353308483177e-05,-1.0622194745728466e-05,0.0030915602580875528,contractive,False,4403,z1.00_b1.50,1.0,3.3456452204570856e-06,-1.1851648096103358e-05,0.003091119632314477,1.3793859649122806,-1.315101071919061e-05,0.003095651238236269,0.04933891700056847,1.5,-0.0003843552369395297,-0.0007095031003119809,0.07826264341074439
71464318.96240601,71453954.15037593,7.014134049190635e-05,-1.8186105431564022e-06,1.888448065543608e-06,False,contractive__compact,compact,5.813537800258699e-05,-5.524923733659051e-06,0.003047344583991369,contractive,False,6266,z1.00_b2.00,1.0,1.034533974539808e-06,-4.80728060602885e-06,0.003048264751019555,1.9645989974937343,-2.361761515084866e-06,0.0030500833615627115,0.044754332993761636,2.0,-0.00024979130187034715,-0.00036682973178186497,0.07576605010755122
71583681.81954888,71571409.78947368,5.799168456973972e-05,-5.3556265394357415e-06,-4.424589103946164e-06,False,contractive__compact,compact,4.371426684496269e-05,-9.047047172418314e-06,0.0030570291636321323,contractive,False,7419,z1.00_b2.50,1.0,-1.1467843472117043e-06,-9.923449102588937e-06,0.003056877390945442,2.4078947368421053,-8.397326615422318e-06,0.003062233017484878,0.04801591599243693,2.5,-0.00014297226387609198,-0.0002608672421759423,0.07576505341133348
72338447.3433584,71335690.89223057,2.22673363059311e-06,7.156803651087285e-06,6.3349930098324655e-06,False,verifier_v1__full,full,-3.786669415724491e-06,-7.461009396929013e-08,0.0031234942262270905,verifier_v1,False,3753,z0.00_b1.25,0.0,1.2234882569030384e-05,2.3959090441465685e-06,0.003125154772075112,1.2052005012531328,2.13789019774442e-06,0.0031179979684240245,0.06092979198729154,1.25,-0.00017503180117794625,-0.0002883429595605467,0.07967764510709587
72624646.04010025,71500051.87468672,1.3362465930792193e-06,8.436080663118343e-06,1.2902079913345046e-05,False,verifier_v1__full,full,-4.801176098561353e-06,2.7952387595826172e-06,0.0031274076719541425,verifier_v1,False,4209,z0.00_b1.50,0.0,1.4025279884471706e-05,1.7694335231984381e-06,0.0031273245361246567,1.4508145363408522,8.049260232885564e-06,0.0031188884554615385,0.0849317090032855,1.5,-0.00033977781286365874,-0.000520375313981861,0.0797264349008354
73134834.59147869,71864622.98245615,-4.744082156079763e-06,1.1150409867021285e-05,2.0874463779476e-05,False,verifier_v1__full,full,-1.2805732837379974e-05,4.613602964978646e-06,0.0031360881338410593,verifier_v1,False,4754,z0.00_b2.00,0.0,1.7259417720361355e-05,5.190786516167986e-06,0.003136119194077719,1.9956140350877194,1.4086899226410309e-05,0.0031249687842106974,0.09735229199577589,2.0,-0.0006803045954174935,-0.0008684511070032018,0.08003727043510192
73138303.9849624,71867558.0,-4.789567248922607e-06,1.1143747496930415e-05,2.0961102782713626e-05,False,verifier_v1__full,full,-1.286776827884322e-05,4.665294444039821e-06,0.0031361580168004707,verifier_v1,False,4756,z0.00_b2.50,0.0,1.7269528016322855e-05,5.129741795945234e-06,0.0031361580168004707,2.0,1.4259941410710968e-05,0.0031250142693035406,0.1347375000041211,2.5,-0.0006863273490316283,-0.000877485787450249,0.08004407210170711
72227123.39348371,71281812.35588972,2.360141723484436e-06,2.152433940285308e-06,5.354429179403399e-06,False,verifier_v1__full,full,-2.7041483648882265e-06,-4.743257797190159e-07,0.0031222113747578916,verifier_v1,False,3538,z0.50_b1.25,0.5,6.236700511935462e-06,-2.7213102130691706e-06,0.0031200169942714184,1.1246867167919798,1.8274445399602024e-06,0.003117864560331133,0.08387716699508019,1.25,-0.00014344149101512896,-0.00023679113400500626,0.07961951348403126
72438557.77944863,71397326.26065163,1.4843206641434653e-06,4.158377479122867e-06,9.920772164038857e-06,False,verifier_v1__full,full,-4.548212662275021e-06,2.3825277151861855e-07,0.0031249617683747353,verifier_v1,False,3897,z0.50_b1.50,0.5,9.796885225162103e-06,-1.7656034974048398e-06,0.003122898758869597,1.2973057644110275,5.468566084795143e-06,0.0031187403813904744,0.06441658400581218,1.5,-0.00026230756310178653,-0.0004019627983725145,0.07969231521834769
72846859.57393484,71673637.19799499,-2.0587280127721697e-07,9.563798921863737e-06,1.8255319610444648e-05,False,verifier_v1__full,full,-7.106699345890581e-06,5.120929630987715e-06,0.003131540749839344,verifier_v1,False,4391,z0.50_b2.00,0.5,1.4576373522866555e-05,4.309204202917429e-06,0.003129994373777759,1.7102130325814537,1.2406515824316154e-05,0.003120430574855895,0.10410254100861493,2.0,-0.0004901481751920764,-0.0006703258693423029,0.07988548283575772
72849967.22305764,71675943.28320801,-2.881895939242982e-07,1.3082934270541704e-05,1.834676953521032e-05,False,verifier_v1__full,full,-7.146273731138209e-06,5.0811600939960164e-06,0.003131595657878883,verifier_v1,False,4394,z0.50_b2.50,0.5,2.0302756897501038e-05,6.198430330693002e-06,0.003133595825919084,1.713659147869674,1.2528474891545451e-05,0.003120512891648542,0.07660554100584704,2.5,-0.0004974054032182354,-0.0006717091084964921,0.07988700117055303
72166532.75689223,71251413.95989975,2.8325465105457657e-06,4.59532199321282e-06,4.7508930177066034e-06,True,verifier_v1__full,full,2.760684512217744e-07,1.7283269221188807e-06,0.003121487586963985,verifier_v1,True,3425,z1.00_b1.25,1.0,7.507254901741231e-06,1.770058625517326e-06,0.003121987477537285,1.0792606516290726,2.064847894575165e-06,0.003117392155544072,0.04917737501091324,1.25,-5.928686738533151e-05,-0.00014612318445846392,0.07959053947331236
72296938.37092732,71321435.09273183,3.2376485802630022e-06,6.7418539465666475e-06,7.610139101486943e-06,True,verifier_v1__full,full,-8.942803279274904e-08,3.151734410909523e-06,0.003123154794709948,verifier_v1,True,3651,z1.00_b1.50,1.0,1.11783164951826e-05,2.531126872389834e-06,0.0031237289074209215,1.1838972431077694,4.192958577529628e-06,0.0031169870534743546,0.04887820899602957,1.5,-0.00011850905869264459,-0.0002322762508483095,0.07962932196612692
72604981.39849624,71519129.4887218,3.425487656178966e-06,1.0441385531526078e-05,1.6816327013402132e-05,True,verifier_v1__full,full,-2.736738662820141e-06,5.66445963579435e-06,0.0031278619111903177,verifier_v1,True,4064,z1.00_b2.00,1.0,1.526087268842031e-05,5.74686196285115e-06,0.003127240599929965,1.4793233082706767,1.181399228445848e-05,0.0031167992143984386,0.05871533299796283,2.0,-0.00026568781738037293,-0.0004328322526583256,0.0797562683114727
72610415.6641604,71522693.43859649,3.0809906115848806e-06,1.130258078546261e-05,1.6593626691005136e-05,False,verifier_v1__full,full,-3.222888566264451e-06,5.281189906962984e-06,0.0031279467690696035,verifier_v1,False,4071,z1.00_b2.50,1.0,1.717567765375688e-05,5.466330363551583e-06,0.0031284462922284953,1.4846491228070176,1.1505876791306494e-05,0.0031171437114430327,0.07041104200470727,2.5,-0.0003227492931715677,-0.0005129592159638026,0.07977046599194926
71369413.94987468,71362944.62656641,-2.553321516408555e-06,3.7263550682992378e-06,4.073220883866067e-06,False,verifier_v1__compact,compact,-9.983336502884689e-06,-5.117791281348759e-06,0.0031241431394216277,verifier_v1,False,3911,z0.00_b1.25,0.0,9.672525344481562e-06,-2.1426440481380098e-06,0.0031265043786393256,1.2459273182957393,-1.503281863936585e-06,0.0031227780235710263,0.13303041600738652,1.25,-0.0003040889589047418,-0.0004075092440596672,0.07978624711513947
71528761.73934837,71521435.57393484,-5.102452372999064e-06,3.180589572407473e-06,6.823621522944495e-06,False,verifier_v1__compact,compact,-1.3869458251562138e-05,-3.6811014348126973e-06,0.0031279168192298555,verifier_v1,False,4429,z0.00_b1.50,0.0,9.816147497790061e-06,-4.136341037946451e-06,0.0031285077440000243,1.4827694235588973,2.0145317942759247e-06,0.0031253271544276168,0.06675995900877751,1.5,-0.00036519324945870596,-0.0004820899142563254,0.07976420596106136
71814156.48621553,71806132.27568923,-1.2092915415252678e-05,2.991747608764872e-06,1.2389280121974217e-05,False,verifier_v1__compact,compact,-2.1081903157795852e-05,-3.2088923508290978e-06,0.0031346954662927846,verifier_v1,False,4851,z0.00_b2.00,0.0,8.21902049279004e-06,-2.7031279489876355e-06,0.0031353093650786355,1.9082080200501252,6.71387352943619e-06,0.0031323176174698703,0.07734487501147669,2.0,-0.0006432654061110508,-0.0007728148893382777,0.07999472251233039
71814156.48621553,71806132.27568923,-1.2092915415252678e-05,2.3173579712308484e-06,1.2389280121974217e-05,False,verifier_v1__compact,compact,-2.1081903157795852e-05,-3.2088923508290978e-06,0.0031346954662927846,verifier_v1,False,4851,z0.00_b2.50,0.0,7.150862442139804e-06,-2.8480985305381597e-06,0.0031346349754411014,1.9082080200501252,6.71387352943619e-06,0.0031323176174698703,0.021742582990555093,2.5,-0.000616459875726239,-0.0007503093164968259,0.07999472251233039
71346220.76691729,71339883.77443609,-1.5259963281704744e-06,-9.721460945339392e-07,3.861382508529047e-06,False,verifier_v1__compact,compact,-8.54851752414571e-06,-4.62122439047579e-06,0.0031235940590262504,verifier_v1,False,3831,z0.50_b1.25,0.5,4.266310009058216e-06,-7.0009857942903065e-06,0.0031207785522882545,1.211466165413534,-1.429135482067522e-06,0.003121750698382788,0.11569612499442883,1.25,-0.0002891210614957803,-0.00038235449265099097,0.07976549551224144
71470886.30075188,71463783.44360903,-3.418339748124599e-06,4.897332277743001e-07,6.700847014162764e-06,False,verifier_v1__compact,compact,-1.0733174452784132e-05,-2.8946350019134327e-06,0.003126544118241413,verifier_v1,False,4294,z0.50_b1.50,0.5,6.117967139991314e-06,-5.533546780105936e-06,0.0031241327750305167,1.3966165413533835,2.252013089623563e-06,0.0031236430418027424,0.03820800001267344,1.5,-0.0003094396832740197,-0.0004190656036449436,0.07971521292760848
71723781.24812031,71715985.30827068,-8.931355626744808e-06,2.2675295146374745e-06,1.1557677263548052e-05,False,verifier_v1__compact,compact,-1.788896698145666e-05,-2.290197108707007e-06,0.0031325490611108556,verifier_v1,False,4713,z0.50_b2.00,0.5,7.928802154226346e-06,-3.885666527659899e-06,0.003131423587196,1.7734962406015038,5.942115086853798e-06,0.0031291560576813624,0.06317370799661148,2.0,-0.0005038712118930973,-0.0006445523419377774,0.07990549077592561
71723781.24812031,71715985.30827068,-8.931355626744808e-06,4.537395213440032e-06,1.1557677263548052e-05,False,verifier_v1__compact,compact,-1.788896698145666e-05,-2.290197108707007e-06,0.0031325490611108556,verifier_v1,False,4713,z0.50_b2.50,0.5,1.1270659984132324e-05,-2.823607707128452e-06,0.0031336934528948027,1.7734962406015038,5.942115086853798e-06,0.0031291560576813624,0.02096891700057313,2.5,-0.0005266586800121531,-0.0006687381595198953,0.07990549077592561
71326797.86967419,71320596.51629072,-1.0918020257635281e-06,1.8694960012714517e-06,3.843263149340835e-06,False,verifier_v1__compact,compact,-7.984070337381427e-06,-4.75033493864831e-06,0.0031231348281501163,verifier_v1,False,3749,z1.00_b1.25,1.0,6.690455987047431e-06,-2.80517841767555e-06,0.0031231860000816526,1.1826441102756893,-1.6123007805063886e-06,0.0031213165040803815,0.036390125009347685,1.25,-0.00025847519096831487,-0.0003502951882042563,0.07975017206806667
71424325.02756892,71417452.09523809,-2.725333980381498e-06,2.618555655296808e-06,6.047660210064816e-06,False,verifier_v1__compact,compact,-1.0043474833224547e-05,-3.64033111587505e-06,0.0031254409658107007,verifier_v1,False,4155,z1.00_b1.50,1.0,9.292248936968427e-06,-4.462328550581152e-06,0.003125568591690296,1.3273809523809523,2.0193202829689845e-06,0.0031229500360349994,0.03681779200269375,1.5,-0.00021555818227213806,-0.0003248702302809355,0.07969312300770064
71623333.1679198,71615775.42355889,-5.427704454997186e-06,3.849948441433512e-06,1.1019593574174383e-05,False,verifier_v1__compact,compact,-1.3672348561208433e-05,-1.1487146140380102e-06,0.003130163057210944,verifier_v1,False,4569,z1.00_b2.00,1.0,9.33040033820284e-06,-1.6927109663583333e-06,0.0031295023549510483,1.6237468671679198,5.877584895497057e-06,0.003125652406509615,0.07916462499997579,2.0,-0.00029937575988838615,-0.0004195716196280342,0.0797566815388751
71623333.1679198,71615775.42355889,-5.427704454997186e-06,4.220977037524183e-06,1.1019593574174383e-05,False,verifier_v1__compact,compact,-1.3672348561208433e-05,-1.1487146140380102e-06,0.003130163057210944,verifier_v1,False,4569,z1.00_b2.50,1.0,9.194902245178211e-06,-5.684122659107269e-07,0.003129873383547139,1.6237468671679198,5.877584895497057e-06,0.003125652406509615,0.02009166700008791,2.5,-0.0003555852289102432,-0.0004710838315683256,0.0797566815388751
