episode_ordinal,phase_decile,magnitude_bin,left_row_id,right_row_id,left_value,right_value,delta,left_magnitude,right_magnitude,abs_magnitude_gap,left_position,right_position,scale,metric,magnitude_col
10,1,4,383,381,-61.082710320535455,-156.0767078865909,94.99399756605544,11.385005819724068,13.12500600896549,1.7400001892414227,0.15,0.1,whitened,excess_whitened_recomputed,persistence_mag_whitened
10,5,3,400,397,-54.96687206648703,-69.6913909846816,14.724518918194576,8.022677840244967,9.661979805813562,1.6393019655685954,0.575,0.5,whitened,excess_whitened_recomputed,persistence_mag_whitened
11,1,1,421,420,1.0047908805033856,0.2865912132827262,0.7181996672206594,3.2665759887389036,3.029563516684654,0.23701247205424947,0.15,0.125,whitened,excess_whitened_recomputed,persistence_mag_whitened
11,3,0,429,430,7.063350727552558,6.223157843570743,0.8401928839818158,1.4878956185988887,1.972951895946239,0.48505627734735035,0.35,0.375,whitened,excess_whitened_recomputed,persistence_mag_whitened
11,5,0,438,435,6.736638680623668,6.680237929550312,0.056400751073355515,1.2991552981660588,1.6859817366719554,0.3868264385058966,0.575,0.5,whitened,excess_whitened_recomputed,persistence_mag_whitened
12,1,2,459,458,-28.161283747375368,-25.287784897191486,-2.873498850183882,5.866799557025707,6.266548977273356,0.39974942024764903,0.15,0.125,whitened,excess_whitened_recomputed,persistence_mag_whitened
12,8,0,485,488,6.399745314676453,5.109464673588537,1.2902806410879162,1.2900561218103164,1.9382708393650234,0.648214717554707,0.8,0.875,whitened,excess_whitened_recomputed,persistence_mag_whitened
13,9,1,531,528,-2.266050689454774,6.599035603441125,-8.8650862928959,3.2302843089483826,3.04815997943056,0.18212432951782276,1.0,0.925,whitened,excess_whitened_recomputed,persistence_mag_whitened
14,1,0,535,533,6.290515918936711,4.686572867970419,1.6039430509662918,0.9294023508862086,2.100524248934994,1.1711218980487854,0.15,0.1,whitened,excess_whitened_recomputed,persistence_mag_whitened
14,3,3,543,544,-19.700912275676878,23.252295529834655,-42.95320780551153,8.26990925367674,9.893977175032312,1.6240679213555715,0.35,0.375,whitened,excess_whitened_recomputed,persistence_mag_whitened
14,5,3,552,549,-40.43930662199991,-54.68025401780051,14.240947395800596,7.278397472344101,8.258853613137672,0.9804561407935717,0.575,0.5,whitened,excess_whitened_recomputed,persistence_mag_whitened
16,1,3,612,610,-3.5780638432523304,-49.42418706127441,45.84612321802208,7.790430296999284,8.799280671159057,1.0088503741597732,0.175,0.125,whitened,excess_whitened_recomputed,persistence_mag_whitened
16,5,0,628,626,2.3581365521635043,2.1966451613342324,0.16149139082927189,2.4096348919139436,2.074807602104283,0.3348272898096605,0.575,0.525,whitened,excess_whitened_recomputed,persistence_mag_whitened
16,8,0,637,640,4.400847367634832,2.0166244942848968,2.384222873349935,1.6436721079508396,2.5801168037144206,0.936444695763581,0.8,0.875,whitened,excess_whitened_recomputed,persistence_mag_whitened
16,9,1,645,642,0.6667900413374683,1.8256184851638153,-1.158828443826347,2.632911233484807,3.010770423933491,0.3778591904486839,1.0,0.925,whitened,excess_whitened_recomputed,persistence_mag_whitened
17,5,0,666,663,1.5354334963683396,3.659397846719368,-2.1239643503510286,1.7800866493582863,1.508099976175078,0.27198667318320835,0.575,0.5,whitened,excess_whitened_recomputed,persistence_mag_whitened
17,8,0,675,678,3.4629183143836126,6.472566847104325,-3.0096485327207123,0.8869196209258763,1.9108978919043844,1.0239782709785081,0.8,0.875,whitened,excess_whitened_recomputed,persistence_mag_whitened
19,1,1,726,723,-5.077921931486932,-7.65640929547851,2.578487363991578,3.8606223792292047,3.9525991847189332,0.09197680548972853,0.175,0.1,whitened,excess_whitened_recomputed,persistence_mag_whitened
19,1,0,725,724,6.925319233514518,4.387115953911478,2.5382032796030396,1.675991759985392,2.114685807008078,0.4386940470226859,0.15,0.125,whitened,excess_whitened_recomputed,persistence_mag_whitened
19,5,0,742,739,4.961290947976265,1.8733032613393172,3.0879876866369473,1.7834470945151302,2.10207908199234,0.31863198747720967,0.575,0.5,whitened,excess_whitened_recomputed,persistence_mag_whitened
20,1,0,763,762,5.183392340558488,2.2860298365713714,2.8973625039871163,1.2219490305296432,2.1624436701759,0.9404946396462566,0.15,0.125,whitened,excess_whitened_recomputed,persistence_mag_whitened
20,3,0,771,772,6.7505416500587465,6.851482928610518,-0.1009412785517716,1.585777711539967,1.317904208650026,0.26787350288994083,0.35,0.375,whitened,excess_whitened_recomputed,persistence_mag_whitened
20,5,0,780,777,7.835865313022611,6.984203153411342,0.8516621596112683,1.4435599841502886,2.3461326153246893,0.9025726311744007,0.575,0.5,whitened,excess_whitened_recomputed,persistence_mag_whitened
20,8,0,789,790,6.742977411024995,5.1170180218761425,1.6259593891488526,1.4365612305862991,2.192313274352075,0.7557520437657756,0.8,0.825,whitened,excess_whitened_recomputed,persistence_mag_whitened
22,1,2,839,837,-20.698533079794345,-35.43959270648638,14.741059626692035,5.887114970489273,6.67671440229779,0.7895994318085169,0.15,0.1,whitened,excess_whitened_recomputed,persistence_mag_whitened
22,8,3,865,868,-18.186662656561438,4.856223310257917,-23.042885966819355,10.954303789228229,9.13388340325034,1.8204203859778882,0.8,0.875,whitened,excess_whitened_recomputed,persistence_mag_whitened
23,1,0,877,875,5.293533233133196,1.8713741339270253,3.422159099206171,0.9579848426059001,2.235808775192861,1.277823932586961,0.15,0.1,whitened,excess_whitened_recomputed,persistence_mag_whitened
23,5,2,894,892,-11.122990968179971,-25.29268373169031,14.169692763510339,4.685009277856818,5.917053301966506,1.2320440241096877,0.575,0.525,whitened,excess_whitened_recomputed,persistence_mag_whitened
24,1,0,916,913,7.6476927915361665,5.102667099206339,2.545025692329827,2.406017239154802,2.1212651968063985,0.28475204234840357,0.175,0.1,whitened,excess_whitened_recomputed,persistence_mag_whitened
24,5,3,932,930,-68.02296832985805,-110.96349285967425,42.9405245298162,8.965205726897018,11.023210536935556,2.058004810038538,0.575,0.525,whitened,excess_whitened_recomputed,persistence_mag_whitened
25,1,3,954,951,-32.0598418183377,-48.617854526587095,16.558012708249393,10.98277880896419,7.92570207378828,3.05707673517591,0.175,0.1,whitened,excess_whitened_recomputed,persistence_mag_whitened
25,5,2,970,967,-20.760460485039722,-22.051189304535043,1.290728819495321,6.419974495289161,5.616303883163518,0.803670612125643,0.575,0.5,whitened,excess_whitened_recomputed,persistence_mag_whitened
26,5,3,1008,1006,-42.11065063254098,-58.76051162727404,16.64986099473306,8.076936144260833,8.506536652402117,0.42960050814128437,0.575,0.525,whitened,excess_whitened_recomputed,persistence_mag_whitened
27,1,0,1029,1027,6.868365097056647,5.908271432763367,0.9600936642932796,1.2677497226877532,1.3476055591673055,0.0798558364795523,0.15,0.1,whitened,excess_whitened_recomputed,persistence_mag_whitened
27,5,3,1046,1044,-28.27444533298222,-116.2683998153178,87.99395448233558,7.319889731819748,11.261816154809807,3.9419264229900595,0.575,0.525,whitened,excess_whitened_recomputed,persistence_mag_whitened
28,1,3,1068,1065,-82.38912940491043,-63.43780912643439,-18.951320278476047,10.786013975986899,9.10172567257812,1.6842883034087794,0.175,0.1,whitened,excess_whitened_recomputed,persistence_mag_whitened
28,3,2,1074,1076,-15.448471861027327,2.5680893696503766,-18.016561230677702,4.9900061808617915,4.776628512997895,0.21337766786389611,0.325,0.375,whitened,excess_whitened_recomputed,persistence_mag_whitened
28,8,1,1093,1096,-0.41681647265169275,-4.675858594587215,4.259042121935522,3.8822561558413784,4.1205796251263225,0.23832346928494408,0.8,0.875,whitened,excess_whitened_recomputed,persistence_mag_whitened
28,9,1,1101,1098,-8.732306602266247,-9.039896928147337,0.30759032588109037,4.104612313928554,4.285268489614499,0.18065617568594483,1.0,0.925,whitened,excess_whitened_recomputed,persistence_mag_whitened
29,1,3,1106,1103,-26.02903269547526,-84.40317377390056,58.3741410784253,8.861709500793298,9.854797646594935,0.9930881458016376,0.175,0.1,whitened,excess_whitened_recomputed,persistence_mag_whitened
29,3,1,1112,1114,0.24359730939651314,2.805181449080239,-2.561584139683726,2.6244594977579916,3.2284139354949595,0.6039544377369679,0.325,0.375,whitened,excess_whitened_recomputed,persistence_mag_whitened
11,1,3,422,419,-0.2175801691434882,-0.194624739079918,-0.022955430063570204,0.5334679210447684,0.46096864845842117,0.0724992725863472,0.175,0.1,targetnorm,excess_targetnorm,persistence_mag_targetnorm
11,1,1,421,420,-0.09475970221388838,-0.08049894962822567,-0.014260752585662714,0.33626459127717645,0.29904254963185906,0.037222041645317394,0.15,0.125,targetnorm,excess_targetnorm,persistence_mag_targetnorm
11,5,0,438,435,-0.026503990199628562,-0.05883041882343415,0.03232642862380559,0.19301548101690844,0.26392191697933365,0.07090643596242521,0.575,0.5,targetnorm,excess_targetnorm,persistence_mag_targetnorm
13,1,3,498,495,-0.17026087216767355,-0.20874860537577472,0.03848773320810117,0.5644193900279872,0.46731651310871114,0.0971028769192761,0.175,0.1,targetnorm,excess_targetnorm,persistence_mag_targetnorm
13,5,0,514,511,-0.03031876238092482,-0.05591910449607975,0.025600342115154932,0.2083605943926071,0.2608098218220327,0.05244922742942562,0.575,0.5,targetnorm,excess_targetnorm,persistence_mag_targetnorm
13,9,0,531,527,-0.05049629631294207,-0.03918374497894668,-0.011312551333995391,0.24280115025580698,0.2512807556649339,0.008479605409126928,1.0,0.9,targetnorm,excess_targetnorm,persistence_mag_targetnorm
14,1,2,536,533,-0.134854285911251,-0.12725576575582884,-0.007598520155422173,0.41953311569853696,0.3731914831053409,0.04634163259319607,0.175,0.1,targetnorm,excess_targetnorm,persistence_mag_targetnorm
14,8,0,561,564,0.008602433006261304,-0.026499056929712876,0.03510148993597418,0.09618519677444098,0.24699566977255027,0.1508104729981093,0.8,0.875,targetnorm,excess_targetnorm,persistence_mag_targetnorm
15,1,2,574,572,-0.14235356115548287,-0.17779590011821386,0.035442338962730996,0.43391620085045746,0.4313197975962377,0.0025964032542197812,0.175,0.125,targetnorm,excess_targetnorm,persistence_mag_targetnorm
15,5,2,590,589,-0.11655484989146721,-0.14309069458737422,0.026535844695907015,0.368839481875417,0.38298317154478784,0.014143689669370851,0.575,0.55,targetnorm,excess_targetnorm,persistence_mag_targetnorm
18,5,0,704,703,-0.005081611988634018,-0.042144927547729756,0.03706331555909574,0.14285841232185242,0.2286678807993388,0.08580946847748638,0.575,0.55,targetnorm,excess_targetnorm,persistence_mag_targetnorm
19,1,3,726,723,-0.16667920554236287,-0.20811188791171614,0.04143268236935327,0.4871491934876313,0.47226116277378444,0.014888030713846867,0.175,0.1,targetnorm,excess_targetnorm,persistence_mag_targetnorm
19,1,0,725,724,-0.03262258798286746,-0.0357056336969824,0.0030830457141149403,0.2406723977346516,0.22182161254989843,0.018850785184753166,0.15,0.125,targetnorm,excess_targetnorm,persistence_mag_targetnorm
20,3,0,771,772,-0.02838728302935801,0.0017269021871043101,-0.03011418521646232,0.20175644831163758,0.15028324160654002,0.05147320670509756,0.35,0.375,targetnorm,excess_targetnorm,persistence_mag_targetnorm
21,5,0,818,817,-0.037917207993719684,-0.043751165118958754,0.00583395712523907,0.26021708945762806,0.26799334216241544,0.007776252704787379,0.575,0.55,targetnorm,excess_targetnorm,persistence_mag_targetnorm
22,1,3,840,837,-0.23287395032360392,-0.24907141925641085,0.016197468932806935,0.5721839732437137,0.5189749270320242,0.05320904621168954,0.175,0.1,targetnorm,excess_targetnorm,persistence_mag_targetnorm
22,1,2,839,838,-0.11097575431360202,-0.1301764206076653,0.01920066629406328,0.36095759189381593,0.3701882432877505,0.009230651393934586,0.15,0.125,targetnorm,excess_targetnorm,persistence_mag_targetnorm
22,8,2,865,868,-0.044136182143620376,-0.015018511048900396,-0.02911767109471998,0.3624806129574605,0.3785306942742834,0.016050081316822895,0.8,0.875,targetnorm,excess_targetnorm,persistence_mag_targetnorm
23,1,3,878,875,-0.20087437508987638,-0.279960249004462,0.0790858739145856,0.5517483537448584,0.5463571754813564,0.0053911782635019945,0.175,0.1,targetnorm,excess_targetnorm,persistence_mag_targetnorm
23,5,0,894,891,-0.04900861037910628,-0.020127799462104128,-0.028880810917002155,0.24250367977889162,0.22513316595513688,0.017370513823754735,0.575,0.5,targetnorm,excess_targetnorm,persistence_mag_targetnorm
24,5,1,932,930,-0.07450987957705027,-0.11511543649367538,0.04060555691662511,0.28275574837188616,0.3458559500995838,0.06310020172769765,0.575,0.525,targetnorm,excess_targetnorm,persistence_mag_targetnorm
25,5,0,970,967,-0.03435178929677915,-0.06392884481267805,0.029577055515898898,0.21915686488782124,0.26474250048690334,0.0455856355990821,0.575,0.5,targetnorm,excess_targetnorm,persistence_mag_targetnorm
26,1,0,991,990,-0.02723022638552051,-0.06062148870361609,0.03339126231809558,0.1757520677412877,0.25885349954849224,0.08310143180720453,0.15,0.125,targetnorm,excess_targetnorm,persistence_mag_targetnorm
26,5,0,1008,1007,-0.04153439800035492,-0.049740837498329034,0.008206439497974116,0.2377240217483018,0.24101742337968116,0.003293401631379367,0.575,0.55,targetnorm,excess_targetnorm,persistence_mag_targetnorm
27,5,0,1046,1043,-0.040163171460310815,-0.04656867638508049,0.006405504924769677,0.2297097171310768,0.23255332128682646,0.0028436041557496627,0.575,0.5,targetnorm,excess_targetnorm,persistence_mag_targetnorm
28,3,1,1075,1076,-0.06637955779643018,-0.007463843324460262,-0.058915714471969916,0.31452261136557724,0.3181959271029819,0.0036733157374046477,0.35,0.375,targetnorm,excess_targetnorm,persistence_mag_targetnorm
28,9,1,1101,1097,-0.07037976809847048,-0.06533997161785697,-0.0050397964806135065,0.2900917666216791,0.30987677764505867,0.01978501102337954,1.0,0.9,targetnorm,excess_targetnorm,persistence_mag_targetnorm
29,1,0,1105,1104,0.00012926493466138174,-0.05199255328512707,0.05212181821978845,0.08703087073036002,0.23537010064332792,0.14833922991296788,0.15,0.125,targetnorm,excess_targetnorm,persistence_mag_targetnorm
29,3,1,1112,1114,-0.056293963941631484,-0.0167530246736559,-0.03954093926797558,0.2902368122224245,0.2997693090204725,0.009532496798048018,0.325,0.375,targetnorm,excess_targetnorm,persistence_mag_targetnorm
