left_n,right_n,left_mean,right_mean,left_median,right_median,left_trimmed_mean,right_trimmed_mean,p_superiority,cliffs_delta,delta_mean,delta_median,delta_trimmed_mean,delta_mean_ci_low,delta_mean_ci_high,delta_median_ci_low,delta_median_ci_high,delta_trimmed_mean_ci_low,delta_trimmed_mean_ci_high,p_superiority_ci_low,p_superiority_ci_high,dataset,r_item,scale,contrast,metric,left_episodes,right_episodes
371,358,206.70829578065138,240.9504095940795,167.1507597196898,188.25808379634822,190.78873756930585,223.689780790054,0.43419566625005646,-0.1316086674998871,-34.24211381342812,-21.107324076658415,-32.901043220748136,-59.52108372890697,-10.208777062509006,-79.99735609178654,9.631486352286736,-60.9984981013757,-8.338117523402333,0.39059776025041715,0.47450539015282095,cube,R2,full_whitened,interaction_vs_transport_free,neighbor_radius,20,20
0,0,,,,,,,,,,,,,,,,,,,,cube,R2,full_whitened,interaction_vs_transport_free,action_neighbor_distance,20,20
371,358,1.3855928947811673,1.1135453979961316,1.1358003780093973,1.069051727511412,1.189234928169994,1.0913462349846286,0.5609330060684545,0.12186601213690906,0.2720474967850357,0.06674865049798528,0.09788869318536553,0.16983321687998534,0.3747530657705498,0.016937607132263343,0.09654975928611427,0.05968029230262083,0.13633554960559988,0.523512991449009,0.6019629300442113,cube,R2,full_whitened,interaction_vs_transport_free,local_expansion,20,20
371,358,0.9060067762637837,0.4555606489413925,0.6155700218742646,0.3226638690470759,0.6887405426591684,0.4011733201176111,0.7023445617310906,0.4046891234621812,0.4504461273223912,0.2929061528271887,0.2875672225415573,0.3207449574221506,0.5591074113841343,0.19266802286663007,0.3724669507885905,0.200693980823313,0.3587018675693228,0.6443722433918724,0.7637741885773988,cube,R2,full_whitened,interaction_vs_transport_free,model_sensitivity,20,20
371,358,99.35644704939817,63.16458436677541,61.827218125153266,49.521696190360316,81.24385619124308,54.52825345611498,0.6324895721965397,0.26497914439307935,36.19186268262276,12.30552193479295,26.7156027351281,26.40934696816054,45.786892355710414,5.774757993436478,27.26600623751033,16.808356216322398,36.607444695001035,0.6006845468996478,0.6711192458369022,cube,R2,full_whitened,interaction_vs_transport_free,residual_norm,20,20
371,358,47.99835722082235,53.06936569573413,44.490585502558204,49.61863534020206,46.42929296003507,51.665684066261086,0.44119772922344863,-0.11760454155310274,-5.071008474911778,-5.128049837643857,-5.236391106226016,-9.339653659296236,-1.0667936328038814,-12.999703944409985,2.3236737778379957,-10.348332139229091,-0.538739388063183,0.3892020475120926,0.4918859674392112,cube,R2,floor_1e-3,interaction_vs_transport_free,neighbor_radius,20,20
0,0,,,,,,,,,,,,,,,,,,,,cube,R2,floor_1e-3,interaction_vs_transport_free,action_neighbor_distance,20,20
371,358,1.2307364911881216,1.101744936783889,1.1289549408341641,1.0790260481310026,1.158334412471373,1.0850409921841973,0.568191058440874,0.13638211688174806,0.1289915544042326,0.04992889270316159,0.07329342028717578,0.09273659992627913,0.16361530842460767,0.016932679142396035,0.08658384429909347,0.04448841697974834,0.1059402368985176,0.5329625088468538,0.6066296617017096,cube,R2,floor_1e-3,interaction_vs_transport_free,local_expansion,20,20
371,358,0.6726504845977803,0.3342230105502241,0.5176961427934653,0.2679095712137345,0.5684205313152305,0.2934383994601568,0.75246578024063,0.5049315604812601,0.33842747404755624,0.24978657157973083,0.2749821318550737,0.28115791339044577,0.39624950573410705,0.18075334547665875,0.305616113096452,0.22095807343804888,0.32621192718176123,0.7099048518005211,0.7983603492050236,cube,R2,floor_1e-3,interaction_vs_transport_free,model_sensitivity,20,20
371,358,18.945445784785107,9.941350880275603,14.778237671308675,7.535103586271147,16.20415786999417,8.437822477709707,0.7090078152057703,0.41801563041154055,9.004094904509504,7.2431340850375285,7.7663353922844625,7.482273393312321,10.5651182284992,4.7639872805898,8.443102677734963,6.214636469008051,9.340627726721106,0.6833822649344672,0.7367799417203681,cube,R2,floor_1e-3,interaction_vs_transport_free,residual_norm,20,20
371,358,23.23984485793478,24.345700237842625,22.68574864174758,24.172982524032065,23.173781630755922,24.57795997101637,0.45404237377463896,-0.09191525245072207,-1.1058553799078439,-1.4872338822844853,-1.4041783402604473,-2.5336453054253694,0.4032670993964457,-5.18081116540994,1.3987435070320313,-2.9616845240274454,0.3643546596332866,0.3885483752034738,0.5204309841067809,cube,R2,floor_1e-2,interaction_vs_transport_free,neighbor_radius,20,20
0,0,,,,,,,,,,,,,,,,,,,,cube,R2,floor_1e-2,interaction_vs_transport_free,action_neighbor_distance,20,20
371,358,1.1662943073953584,1.0892497447232492,1.0992787917230356,1.0533883661385097,1.1254871928612213,1.0696425641384242,0.5674833230435634,0.13496664608712683,0.07704456267210924,0.04589042558452583,0.05584462872279716,0.055271062549438865,0.09993312814137863,0.013888171108767156,0.07079610906731351,0.0342637922879342,0.08112137594833631,0.5308683571037028,0.6099409999330327,cube,R2,floor_1e-2,interaction_vs_transport_free,local_expansion,20,20
371,358,0.5913105101615803,0.32674302095635904,0.47460496495606774,0.27689121740203165,0.5267777890630052,0.2891250288606945,0.7448613892695267,0.48972277853905344,0.2645674892052213,0.1977137475540361,0.2376527602023107,0.21979752219873083,0.30894172988801655,0.14895809257869164,0.246716456634878,0.19158314714586416,0.2781673648494282,0.7037544531144545,0.7805750615335494,cube,R2,floor_1e-2,interaction_vs_transport_free,model_sensitivity,20,20
371,358,9.049709977622875,4.591978747970559,6.8006886651758505,3.423216812107864,7.947909054225688,4.052410893198412,0.7255944224427412,0.4511888448854824,4.457731229652316,3.3774718530679864,3.895498161027276,3.8578858051239653,5.039009326051891,2.8719976086317027,4.022597023519676,3.315550910248722,4.554730046552138,0.6994098905624884,0.7495390708774,cube,R2,floor_1e-2,interaction_vs_transport_free,residual_norm,20,20
371,358,3.426277112993391,3.1533290795114404,3.2726666774217676,3.084978421254197,3.392967486507713,3.163301963409815,0.5493457212124863,0.09869144242497252,0.2729480334819505,0.1876882561675708,0.22966552309789767,0.0499687305094623,0.5108546544038257,-0.2522623376231655,0.6430653632910134,0.003219739306726724,0.4876470756364558,0.49760692704982984,0.5974944050743813,cube,R2,pca90,interaction_vs_transport_free,neighbor_radius,20,20
0,0,,,,,,,,,,,,,,,,,,,,cube,R2,pca90,interaction_vs_transport_free,action_neighbor_distance,20,20
371,358,1.2506843998211126,1.1794484084195311,1.1687059901366155,1.0937779858082055,1.1937856022228188,1.12927507140434,0.5731075607221913,0.14621512144438253,0.07123599140158143,0.07492800432840996,0.0645105308184788,0.018695429825444143,0.11929184847186527,0.03582223789035703,0.09450785449956789,0.02774473002442967,0.09900050499649372,0.521369800687225,0.6271009833213241,cube,R2,pca90,interaction_vs_transport_free,local_expansion,20,20
371,358,0.6168484967112694,0.3908671837858429,0.48965215850892435,0.3151622565601617,0.5472533426696481,0.3480274486603752,0.7064629794154407,0.41292595883088135,0.2259813129254265,0.17448990194876263,0.19922589400927287,0.16896622440724782,0.28111938963319283,0.12957628358930123,0.20543226645482301,0.15439428908065359,0.2365968572439118,0.6587747078405034,0.7447791362244814,cube,R2,pca90,interaction_vs_transport_free,model_sensitivity,20,20
371,358,1.7633065900520202,0.9286216623296774,1.1397027828227506,0.7201612876746203,1.387495619337529,0.8381332161711222,0.6472240208405488,0.2944480416810975,0.8346849277223428,0.41954149514813033,0.5493624031664067,0.663272922517132,1.0016898524802815,0.27466792138296126,0.5608418188179636,0.41145483105591546,0.708875646003382,0.6180242705209066,0.6749229160479133,cube,R2,pca90,interaction_vs_transport_free,residual_norm,20,20
371,358,10.470166661679073,9.998245314977524,10.82948314389902,10.466611790192449,10.63284201390646,10.219638211447958,0.5361321507626978,0.07226430152539565,0.4719213467015493,0.36287135370657175,0.4132038024585025,-0.12733691575749728,1.0902136901754198,-0.19857270774134378,1.214014371014465,-0.2747083507760274,1.2051636460647117,0.4649978714117675,0.5967818967209526,cube,R2,pca99,interaction_vs_transport_free,neighbor_radius,20,20
0,0,,,,,,,,,,,,,,,,,,,,cube,R2,pca99,interaction_vs_transport_free,action_neighbor_distance,20,20
371,358,1.1987321752344116,1.1178761279331422,1.122151861498722,1.0681222642947967,1.1544843621354175,1.0820500183981723,0.6074327274917556,0.21486545498351117,0.08085604730126938,0.054029597203925306,0.07243434373724522,0.05607365320984985,0.10520177590339234,0.033190961773697805,0.0778494669094888,0.046541848340991995,0.0966822360821712,0.555549371497804,0.6615061064442187,cube,R2,pca99,interaction_vs_transport_free,local_expansion,20,20
371,358,0.5487580921521238,0.3226732880366169,0.4415186877694807,0.2586025376883225,0.48952684797450524,0.2876184870051276,0.7222891475553013,0.44457829511060254,0.2260848041155069,0.18291615008115825,0.20190836096937764,0.18943481788354866,0.2595173550686055,0.1466455141110231,0.2068847129510697,0.17142603757199426,0.23155712710126927,0.6959626200955084,0.7523533408723293,cube,R2,pca99,interaction_vs_transport_free,model_sensitivity,20,20
371,358,4.793171686534621,2.338340543971968,3.3827735872153326,1.7805113560108061,4.036697463929501,2.1454809536519126,0.7001159481395594,0.4002318962791187,2.4548311425626532,1.6022622312045265,1.8912165102775886,2.0703574143092514,2.8475048866628123,1.2384249230921625,1.9358886986075199,1.5905116109936714,2.2590393002023417,0.6738766772058349,0.7269416672899768,cube,R2,pca99,interaction_vs_transport_free,residual_norm,20,20
